index	question	image_path	A	B	C	D	E	F	G	H	answer	category	type	subtype	difficulty	manufacturer	material_capabilities	process_capabilities	justification	answer_source
0	What type of product is shown in this image?	filtered_images/www.5hfab.com/8.jpg	Machined Components	Clamps	Gearboxes	Machined Parts	perforated metal sheet	Mechanical Components	perforated panel	Brass	E;G	manufacture_qa	image_qa	product_type	Medium	www.5hfab.com	Metal;Lead	Machining Capability;Finishing Capability;Welding Capability;Fabricating Capability;Assembly Capability;Fabricating Capability	The image shows a flat piece of material with a uniform pattern of small holes, which is the definition of a perforated metal sheet or panel.	generated_no_pool
1	What material is this product made from?	filtered_images/www.5hfab.com/8.jpg	Alloy Steel	Exotic Material	Powdered Metal	Carbon Fiber	Nickel	Alumina	Elastomer	Metal	H	manufacture_qa	image_qa	product_material	Easy	www.5hfab.com	Metal;Lead	Machining Capability;Finishing Capability;Welding Capability;Fabricating Capability;Assembly Capability;Fabricating Capability	The metallic luster and the nature of the perforations and cutouts are characteristic of processed metal sheets.	pool
2	Is this a finished product or raw material?	filtered_images/www.5hfab.com/8.jpg	Finished	Raw Material							A	manufacture_qa	image_qa	product_state	Easy	www.5hfab.com	Metal;Lead	Machining Capability;Finishing Capability;Welding Capability;Fabricating Capability;Assembly Capability;Fabricating Capability	The item features specific corner mounting holes and a unique rectangular notch, indicating it has been fully processed for a final application.	
3	What does this image show?	filtered_images/www.5hfab.com/8.jpg	Machine	Product	Facility	Diagram					B	manufacture_qa	image_qa	image_content	Medium	www.5hfab.com	Metal;Lead	Machining Capability;Finishing Capability;Welding Capability;Fabricating Capability;Assembly Capability;Fabricating Capability	The image portrays a single manufactured object, which is categorized as a product.	
4	What industry sector does this product belong to?	filtered_images/www.5hfab.com/8.jpg	Construction Industry	Goverment Industry	Metal Production Industry	Food and Beverage Industry	Aerospace Industry	Chemical And Petrochemical Industry	Semiconductor Industry	Machinary And Equipment Industry	A;C;H	manufacture_qa	image_qa	industry_sector	Hard	www.5hfab.com	Metal;Lead	Machining Capability;Finishing Capability;Welding Capability;Fabricating Capability;Assembly Capability;Fabricating Capability	Perforated panels are produced by the metal industry and are extensively used in construction for facades/ventilation and in machinery for protective guards or filtration.	generated_no_pool
5	What manufacturing process was used to make this product?	filtered_images/www.5hfab.com/8.jpg	Live Tooling Capability	Machining Capability	Fabricating Capability	Drilling Capability	Casting Capability	Nitriding Capability	Black Oxide Coating Capability	CNC Machining Capability	C	manufacture_qa	image_qa	manufacturing_process	Medium	www.5hfab.com	Metal;Lead	Machining Capability;Finishing Capability;Welding Capability;Fabricating Capability;Assembly Capability;Fabricating Capability	Manufacturing perforated sheets and adding specific cutouts like notches is a standard metal fabrication process.	pool
6	What type of product is shown in this image?	filtered_images/www.5hfab.com/7.jpg	Prototype Parts	Cabinets	Plastics	Stainless Steel Products	metal enclosure	Hydraulic Components	Connectors	Pulleys	E;D	manufacture_qa	image_qa	product_type	Medium	www.5hfab.com	Metal;Lead	Machining Capability;Finishing Capability;Welding Capability;Fabricating Capability;Assembly Capability;Fabricating Capability	The image displays a custom-made metal box with specific cutouts and mounting points, which is identifying it as a metal enclosure, likely made from stainless steel.	generated_no_pool
7	What material is this product made from?	filtered_images/www.5hfab.com/7.jpg	Metal	Zircon	Exotic Material	Torlon	Carbon Graphite	Carbide	Glass	Zirconium	A	manufacture_qa	image_qa	product_material	Easy	www.5hfab.com	Metal;Lead	Machining Capability;Finishing Capability;Welding Capability;Fabricating Capability;Assembly Capability;Fabricating Capability	The visual appearance, including the metallic luster and brushed texture, clearly indicates the material is metal.	pool
8	Is this a finished product or raw material?	filtered_images/www.5hfab.com/7.jpg	Finished	Raw Material							A	manufacture_qa	image_qa	product_state	Easy	www.5hfab.com	Metal;Lead	Machining Capability;Finishing Capability;Welding Capability;Fabricating Capability;Assembly Capability;Fabricating Capability	The part has undergone all primary fabrication steps, including cutting, drilling, and surface finishing, making it a finished component.	
9	What does this image show?	filtered_images/www.5hfab.com/7.jpg	Machine	Product	Facility	Diagram					B	manufacture_qa	image_qa	image_content	Medium	www.5hfab.com	Metal;Lead	Machining Capability;Finishing Capability;Welding Capability;Fabricating Capability;Assembly Capability;Fabricating Capability	The image shows a single manufactured object, categorized as a product rather than a machine or a facility.	
10	What industry sector does this product belong to?	filtered_images/www.5hfab.com/7.jpg	Metal Production Industry	Machinary And Equipment Industry	Electronic Product Industry	Furniture Industry	Transportation Industry	Textiles	Electronic Automotive Industry	Communication Industry	B;C;H	manufacture_qa	image_qa	industry_sector	Hard	www.5hfab.com	Metal;Lead	Machining Capability;Finishing Capability;Welding Capability;Fabricating Capability;Assembly Capability;Fabricating Capability	Such enclosures are standard components used to house electronics, communication gear, and industrial equipment.	generated_no_pool
11	What manufacturing process was used to make this product?	filtered_images/www.5hfab.com/7.jpg	Joining Capability	Finishing capability	Assembly Capability	Finishing Capability	Machining Capability	Welding Capability	Additive Manufacturing Capability	Fabricating Capability	H;E;D;F	manufacture_qa	image_qa	manufacturing_process	Medium	www.5hfab.com	Metal;Lead	Machining Capability;Finishing Capability;Welding Capability;Fabricating Capability;Assembly Capability;Fabricating Capability	The construction of this enclosure involves sheet metal fabrication, machining of precision holes, welding of corners, and a finishing process to achieve the brushed surface texture.	pool
12	What type of product is shown in this image?	filtered_images/www.5hfab.com/5.jpg	Exhaust Manifold	Sheet Metal	Metal Fitting	Medical Components	Plates	Bumpers	Y-Pipe Collector	Shafts	A;C;G	manufacture_qa	image_qa	product_type	Medium	www.5hfab.com	Metal;Lead	Machining Capability;Finishing Capability;Welding Capability;Fabricating Capability;Assembly Capability;Fabricating Capability	The image shows a metal component with two inlets merging into one outlet, which is a common design for a Y-pipe collector or an exhaust manifold fitting.	generated_no_pool
13	What material is this product made from?	filtered_images/www.5hfab.com/5.jpg	Fiber	Metal	Cobalt	Phos Bronze	Chromium	Nylon	Terbium	Extremely Hard Material	B	manufacture_qa	image_qa	product_material	Easy	www.5hfab.com	Metal;Lead	Machining Capability;Finishing Capability;Welding Capability;Fabricating Capability;Assembly Capability;Fabricating Capability	The visual appearance, including the metallic luster and visible weld beads, clearly indicates the product is made of metal, likely stainless steel.	pool
14	Is this a finished product or raw material?	filtered_images/www.5hfab.com/5.jpg	Finished	Raw Material							A	manufacture_qa	image_qa	product_state	Easy	www.5hfab.com	Metal;Lead	Machining Capability;Finishing Capability;Welding Capability;Fabricating Capability;Assembly Capability;Fabricating Capability	The component appears to be fully assembled and welded, representing a completed part ready for installation rather than a raw material block or sheet.	
15	What does this image show?	filtered_images/www.5hfab.com/5.jpg	Machine	Product	Facility	Diagram					B	manufacture_qa	image_qa	image_content	Medium	www.5hfab.com	Metal;Lead	Machining Capability;Finishing Capability;Welding Capability;Fabricating Capability;Assembly Capability;Fabricating Capability	The image shows a single manufactured object presented as a discrete item, which classifies it as a product.	
16	What industry sector does this product belong to?	filtered_images/www.5hfab.com/5.jpg	Paper and Pulp Industry	Construction Industry	Transportation Industry	Petrochemical Industry	Machinary And Equipment Industry	Wood Product Manufacturing Industry	Chemical Industry	Automotive Industry	C;H	manufacture_qa	image_qa	industry_sector	Hard	www.5hfab.com	Metal;Lead	Machining Capability;Finishing Capability;Welding Capability;Fabricating Capability;Assembly Capability;Fabricating Capability	Exhaust components like Y-pipe collectors and manifolds are primarily used in vehicles within the automotive and broader transportation sectors.	generated_no_pool
17	What manufacturing process was used to make this product?	filtered_images/www.5hfab.com/5.jpg	Welding Capability	Assembly Capability	Drawing Capability	Finishing Capability	Additive Manufacturing Capability	Fabricating Capability	Polycrystalline Diamond Machining Capability	Electroless Nickel Plating Capability	A;B;F	manufacture_qa	image_qa	manufacturing_process	Medium	www.5hfab.com	Metal;Lead	Machining Capability;Finishing Capability;Welding Capability;Fabricating Capability;Assembly Capability;Fabricating Capability	The product shows clear evidence of welding where the tubes join the main body, and it is fabricated and assembled from multiple metal components.	pool
18	What type of product is shown in this image?	filtered_images/www.5hfab.com/1.jpg	Surface Grinders	Medical Components	Hydraulic Components	Electronic enclosure component	Firearms	Custom metal housing	Sheet metal chassis	Chutes	D;F;G	manufacture_qa	image_qa	product_type	Medium	www.5hfab.com	Metal;Lead	Machining Capability;Finishing Capability;Welding Capability;Fabricating Capability;Assembly Capability;Fabricating Capability	The image shows a complex sheet metal structure with mounting holes and ventilation slots, typical of an electronic chassis or equipment enclosure.	generated_no_pool
19	What material is this product made from?	filtered_images/www.5hfab.com/1.jpg	hastelloy	Fiber	Metal	Tantalum	Cast Steel	Titanium	Composite Material	Nickel	C	manufacture_qa	image_qa	product_material	Easy	www.5hfab.com	Metal;Lead	Machining Capability;Finishing Capability;Welding Capability;Fabricating Capability;Assembly Capability;Fabricating Capability	The object has a reflective, silver surface and sharp bends characteristic of formed sheet metal like steel or aluminum.	pool
20	Is this a finished product or raw material?	filtered_images/www.5hfab.com/1.jpg	Finished	Raw Material							A	manufacture_qa	image_qa	product_state	Easy	www.5hfab.com	Metal;Lead	Machining Capability;Finishing Capability;Welding Capability;Fabricating Capability;Assembly Capability;Fabricating Capability	The component has completed all primary fabrication steps including cutting, punching, and bending into its final form.	
21	What does this image show?	filtered_images/www.5hfab.com/1.jpg	Machine	Product	Facility	Diagram					B	manufacture_qa	image_qa	image_content	Medium	www.5hfab.com	Metal;Lead	Machining Capability;Finishing Capability;Welding Capability;Fabricating Capability;Assembly Capability;Fabricating Capability	The image focuses on a single manufactured item intended for use as a component in a larger assembly.	
22	What industry sector does this product belong to?	filtered_images/www.5hfab.com/1.jpg	Defense Industry	Computer Industry	Professional Services Industry	Printing And Information Industry	Machinary And Equipment Industry	Communication Industry	High-Tech Industry	Electronic Product Industry	B;E;F;G;H	manufacture_qa	image_qa	industry_sector	Hard	www.5hfab.com	Metal;Lead	Machining Capability;Finishing Capability;Welding Capability;Fabricating Capability;Assembly Capability;Fabricating Capability	Precision sheet metal enclosures are fundamental components used across a wide range of technology and machinery sectors.	generated_no_pool
23	What manufacturing process was used to make this product?	filtered_images/www.5hfab.com/1.jpg	Assembly Capability	Carburizing Capability	Shaping Capability	CNC Machining Capability	Welding Capability	Addtive Manufacturing Capability	Grinding Capability	Fabricating Capability	A;C;H	manufacture_qa	image_qa	manufacturing_process	Medium	www.5hfab.com	Metal;Lead	Machining Capability;Finishing Capability;Welding Capability;Fabricating Capability;Assembly Capability;Fabricating Capability	The part is produced through standard fabrication techniques including cutting, bending (shaping), and likely spot-welding or joining separate pieces (assembly).	pool
24	What type of product is shown in this image?	filtered_images/www.5hfab.com/11.jpg	sheet metal part	Mechanical Assemblies	Sprockets	precision metal component	Spindles	Tools	metal bracket	Equipment	A;B;D;G	manufacture_qa	image_qa	product_type	Medium	www.5hfab.com	Metal;Lead	Machining Capability;Finishing Capability;Welding Capability;Fabricating Capability;Assembly Capability;Fabricating Capability	The image shows a metal component with bends, cutouts, and integrated clinch nuts, identifying it as a sheet metal assembly or bracket.	generated_no_pool
25	What material is this product made from?	filtered_images/www.5hfab.com/11.jpg	Low-Alloy Steel	Erbium	Nomex	Low Alloy Steel	Bronze	Cerium	Metal	Extremely Hard Material	A;D;G	manufacture_qa	image_qa	product_material	Easy	www.5hfab.com	Metal;Lead	Machining Capability;Finishing Capability;Welding Capability;Fabricating Capability;Assembly Capability;Fabricating Capability	The item displays a metallic surface characteristic of steel alloys commonly used in sheet metal fabrication.	pool
26	Is this a finished product or raw material?	filtered_images/www.5hfab.com/11.jpg	Finished	Raw Material							A	manufacture_qa	image_qa	product_state	Easy	www.5hfab.com	Metal;Lead	Machining Capability;Finishing Capability;Welding Capability;Fabricating Capability;Assembly Capability;Fabricating Capability	The part is fully formed, contains installed hardware, and features a final brushed surface finish.	
27	What does this image show?	filtered_images/www.5hfab.com/11.jpg	Machine	Product	Facility	Diagram					B	manufacture_qa	image_qa	image_content	Medium	www.5hfab.com	Metal;Lead	Machining Capability;Finishing Capability;Welding Capability;Fabricating Capability;Assembly Capability;Fabricating Capability	The object is a discrete manufactured part ready for further use or assembly into a larger system.	
28	What industry sector does this product belong to?	filtered_images/www.5hfab.com/11.jpg	Chemical Industry	Aerospace Industry	Electronic Product Industry	Automotive Industry	Agriculture Industry	Warehousing And Storage Industry	Machinary And Equipment Industry	Metal Production Industry	G;H	manufacture_qa	image_qa	industry_sector	Hard	www.5hfab.com	Metal;Lead	Machining Capability;Finishing Capability;Welding Capability;Fabricating Capability;Assembly Capability;Fabricating Capability	Such components are typical outputs of metal fabrication shops and are used as structural or mounting parts in machinery.	generated_no_pool
29	What manufacturing process was used to make this product?	filtered_images/www.5hfab.com/11.jpg	Welding capability	Fabricating Capability	Finishing Capability	Honing Capability	Laser Cutting Capability	Cnc machining	Turning capability	Assembly Capability	B;C;E;H	manufacture_qa	image_qa	manufacturing_process	Medium	www.5hfab.com	Metal;Lead	Machining Capability;Finishing Capability;Welding Capability;Fabricating Capability;Assembly Capability;Fabricating Capability	The part's creation requires laser cutting the flat shape, fabricating bends, finishing the surface with a brushed texture, and assembling the press-fit nuts.	pool
30	What type of product is shown in this image?	filtered_images/www.5hfab.com/3.jpg	pipe strap	Stairs	saddle clamp	metal bracket	Columns	Industrial Equipment	Plastic Components	Banners	A;C;D	manufacture_qa	image_qa	product_type	Medium	www.5hfab.com	Metal;Lead	Machining Capability;Finishing Capability;Welding Capability;Fabricating Capability;Assembly Capability;Fabricating Capability	The product is a U-shaped fastener with two mounting holes, commonly used to secure pipes or cables, and fits the description of a pipe strap, saddle clamp, or general metal bracket.	generated_no_pool
31	What material is this product made from?	filtered_images/www.5hfab.com/3.jpg	Kovar	Vanadium	Metal	Cast Steel	High Grade Aluminum	Zirconium	Brass	Teflon	C	manufacture_qa	image_qa	product_material	Easy	www.5hfab.com	Metal;Lead	Machining Capability;Finishing Capability;Welding Capability;Fabricating Capability;Assembly Capability;Fabricating Capability	The visual appearance of the item exhibits the characteristic luster and texture of a brushed metallic material.	pool
32	Is this a finished product or raw material?	filtered_images/www.5hfab.com/3.jpg	Finished	Raw Material							A	manufacture_qa	image_qa	product_state	Easy	www.5hfab.com	Metal;Lead	Machining Capability;Finishing Capability;Welding Capability;Fabricating Capability;Assembly Capability;Fabricating Capability	The item has undergone all necessary shaping, punching of holes, and surface finishing to be ready for its intended use.	
33	What does this image show?	filtered_images/www.5hfab.com/3.jpg	Machine	Product	Facility	Diagram					B	manufacture_qa	image_qa	image_content	Medium	www.5hfab.com	Metal;Lead	Machining Capability;Finishing Capability;Welding Capability;Fabricating Capability;Assembly Capability;Fabricating Capability	The image shows a single, discrete manufactured item rather than a machine, facility, or diagram.	
34	What industry sector does this product belong to?	filtered_images/www.5hfab.com/3.jpg	Machinary And Equipment Industry	Defense Industry	Metal Production Industry	Paper Industry	Construction Industry	Food and Beverage Industry	Electronic Product Industry	Business Equipment Industry	A;C;E	manufacture_qa	image_qa	industry_sector	Hard	www.5hfab.com	Metal;Lead	Machining Capability;Finishing Capability;Welding Capability;Fabricating Capability;Assembly Capability;Fabricating Capability	These components are widely used in construction for plumbing and electrical work, as parts for industrial machinery, and are outputs of the metal fabrication industry.	generated_no_pool
35	What manufacturing process was used to make this product?	filtered_images/www.5hfab.com/3.jpg	Fabricating Capability	Shaping Capability	Nitriding Capability	Machining Capability	Anodizing Capability	Finishing Capability	Drilling Capability	Chemical Processing Capability	A;B;F;G	manufacture_qa	image_qa	manufacturing_process	Medium	www.5hfab.com	Metal;Lead	Machining Capability;Finishing Capability;Welding Capability;Fabricating Capability;Assembly Capability;Fabricating Capability	The manufacturing of this part involves fabricating from sheet metal, shaping it into a curve, drilling or punching the mounting holes, and applying a surface finish.	pool
36	What type of product is shown in this image?	filtered_images/www.5hfab.com/4.jpg	Sprockets	Adapters	metal bracket	Motors	Welding Equipment	CNC Lathes	Accessories	Postcards	C;G	manufacture_qa	image_qa	product_type	Medium	www.5hfab.com	Metal;Lead	Machining Capability;Finishing Capability;Welding Capability;Fabricating Capability;Assembly Capability;Fabricating Capability	The image shows a custom-shaped sheet metal component with mounting holes, which is characteristic of a metal bracket used as a component or accessory in larger assemblies.	generated_no_pool
37	What material is this product made from?	filtered_images/www.5hfab.com/4.jpg	Brass	Nickel	Platinum	Terbium	Molybdenum	Beryllium	Metal	Hafnium	G	manufacture_qa	image_qa	product_material	Easy	www.5hfab.com	Metal;Lead	Machining Capability;Finishing Capability;Welding Capability;Fabricating Capability;Assembly Capability;Fabricating Capability	The item displays a clear metallic luster and surface texture typical of industrial metals like stainless steel or aluminum.	pool
38	Is this a finished product or raw material?	filtered_images/www.5hfab.com/4.jpg	Finished	Raw Material							A	manufacture_qa	image_qa	product_state	Easy	www.5hfab.com	Metal;Lead	Machining Capability;Finishing Capability;Welding Capability;Fabricating Capability;Assembly Capability;Fabricating Capability	The part has undergone all necessary cutting, bending, and hole-drilling processes, making it a completed component ready for assembly.	
39	What does this image show?	filtered_images/www.5hfab.com/4.jpg	Machine	Product	Facility	Diagram					B	manufacture_qa	image_qa	image_content	Medium	www.5hfab.com	Metal;Lead	Machining Capability;Finishing Capability;Welding Capability;Fabricating Capability;Assembly Capability;Fabricating Capability	The image depicts a discrete, manufactured mechanical part rather than a complete machine or a facility.	
40	What industry sector does this product belong to?	filtered_images/www.5hfab.com/4.jpg	Construction Industry	Machinary And Equipment Industry	Automotive Industry	Food Industry	Aerospace Industry	Nuclear Power	Textiles Industry	Metal Production Industry	A;B;C;E;H	manufacture_qa	image_qa	industry_sector	Hard	www.5hfab.com	Metal;Lead	Machining Capability;Finishing Capability;Welding Capability;Fabricating Capability;Assembly Capability;Fabricating Capability	Sheet metal brackets are versatile components used extensively across these sectors for structural support, mounting, and assembly.	generated_no_pool
41	What manufacturing process was used to make this product?	filtered_images/www.5hfab.com/4.jpg	Tubing Capability	Finishing Capability	Electro plating capability	Addtive Manufacturing Capability	Polishing Capability	Fabricating Capability	Extruding Capability	Machining	B;F;H	manufacture_qa	image_qa	manufacturing_process	Medium	www.5hfab.com	Metal;Lead	Machining Capability;Finishing Capability;Welding Capability;Fabricating Capability;Assembly Capability;Fabricating Capability	The creation of this part involves sheet metal fabrication (cutting and bending), machining (drilling or punching precision holes), and finishing to achieve a uniform surface.	pool
42	What type of product is shown in this image?	filtered_images/www.5hfab.com/2.jpg	device component	Sheet Metal Fabrication	Electronics	metal housing	Rivets	Assemblies	sheet metal enclosure	electronic chassis	A;B;D;G;H	manufacture_qa	image_qa	product_type	Medium	www.5hfab.com	Metal;Lead	Machining Capability;Finishing Capability;Welding Capability;Fabricating Capability;Assembly Capability;Fabricating Capability	The image shows a custom-formed metal enclosure with specific cutouts for electronic connectors, typical of electronic device chassis.	generated_no_pool
43	What material is this product made from?	filtered_images/www.5hfab.com/2.jpg	Extremely Hard Material	hastelloy	Bronze	Metal	Cold-rolled Steel	Gallium	Low Alloy Steel	Invar	D;E;G	manufacture_qa	image_qa	product_material	Easy	www.5hfab.com	Metal;Lead	Machining Capability;Finishing Capability;Welding Capability;Fabricating Capability;Assembly Capability;Fabricating Capability	Enclosures of this type are standardly manufactured from sheet metal, such as cold-rolled steel, for strength and precision.	pool
44	Is this a finished product or raw material?	filtered_images/www.5hfab.com/2.jpg	Finished	Raw Material							A	manufacture_qa	image_qa	product_state	Easy	www.5hfab.com	Metal;Lead	Machining Capability;Finishing Capability;Welding Capability;Fabricating Capability;Assembly Capability;Fabricating Capability	The part is fully formed with clean cutouts and has a uniform surface coating, indicating it has completed the fabrication process.	
45	What does this image show?	filtered_images/www.5hfab.com/2.jpg	Machine	Product	Facility	Diagram					B	manufacture_qa	image_qa	image_content	Medium	www.5hfab.com	Metal;Lead	Machining Capability;Finishing Capability;Welding Capability;Fabricating Capability;Assembly Capability;Fabricating Capability	The image displays a physical, manufactured item rather than a diagram or a production facility.	
46	What industry sector does this product belong to?	filtered_images/www.5hfab.com/2.jpg	Machinary And Equipment Industry	Telecommunications Industry	High-Tech Industry	Consumer Electronics Industry	Electronic Product Industry	Communication Industry	Utilities Industry	Computer Industry	B;C;D;E;F;H	manufacture_qa	image_qa	industry_sector	Hard	www.5hfab.com	Metal;Lead	Machining Capability;Finishing Capability;Welding Capability;Fabricating Capability;Assembly Capability;Fabricating Capability	The interface cutouts on the front panel are designed for networking and computer ports used across the high-tech and electronics sectors.	generated_no_pool
47	What manufacturing process was used to make this product?	filtered_images/www.5hfab.com/2.jpg	Joining Capability	Finishing Capability	Rolling Capability	Waterjet Cutting Capability	Fabricating Capability	Manufacturing	Welding Capability	Polycrystalline Diamond Machining Capability	B;E;F	manufacture_qa	image_qa	manufacturing_process	Medium	www.5hfab.com	Metal;Lead	Machining Capability;Finishing Capability;Welding Capability;Fabricating Capability;Assembly Capability;Fabricating Capability	The product is a result of sheet metal fabrication processes, which include cutting, bending, and surface finishing like powder coating.	pool
48	What type of product is shown in this image?	filtered_images/www.5hfab.com/9.jpg	Gaskets	Automotive Parts	Medical Products	CNC Lathes	Clamps	circular metal bracket	metal disk with mounting tabs	stamped sheet metal part	F;G;H	manufacture_qa	image_qa	product_type	Medium	www.5hfab.com	Metal;Lead	Machining Capability;Finishing Capability;Welding Capability;Fabricating Capability;Assembly Capability;Fabricating Capability	The image displays a flat circular metal component with three integrated mounting tabs produced via sheet metal stamping processes.	generated_no_pool
49	What material is this product made from?	filtered_images/www.5hfab.com/9.jpg	Ceramic	Acetal	Lexan	Palladium	Cadmium	Metal	Phos Bronze	Steel alloys	F;H	manufacture_qa	image_qa	product_material	Easy	www.5hfab.com	Metal;Lead	Machining Capability;Finishing Capability;Welding Capability;Fabricating Capability;Assembly Capability;Fabricating Capability	The visual appearance of the material's grain and reflective luster identifies it as a steel-based metal alloy.	pool
50	Is this a finished product or raw material?	filtered_images/www.5hfab.com/9.jpg	Finished	Raw Material							A	manufacture_qa	image_qa	product_state	Easy	www.5hfab.com	Metal;Lead	Machining Capability;Finishing Capability;Welding Capability;Fabricating Capability;Assembly Capability;Fabricating Capability	The part has undergone final manufacturing steps, including precision cutting, bending of tabs, and punching of holes, making it ready for assembly.	
51	What does this image show?	filtered_images/www.5hfab.com/9.jpg	Machine	Product	Facility	Diagram					B	manufacture_qa	image_qa	image_content	Medium	www.5hfab.com	Metal;Lead	Machining Capability;Finishing Capability;Welding Capability;Fabricating Capability;Assembly Capability;Fabricating Capability	The image captures a single manufactured item isolated against a neutral background intended for use as a component.	
52	What industry sector does this product belong to?	filtered_images/www.5hfab.com/9.jpg	Business Equipment Industry	Military Industry	Medical Industry	Machinary And Equipment Industry	Aerospace Industry	Automotive Industry	Government Industry	Metal Production Industry	D;E;F;H	manufacture_qa	image_qa	industry_sector	Hard	www.5hfab.com	Metal;Lead	Machining Capability;Finishing Capability;Welding Capability;Fabricating Capability;Assembly Capability;Fabricating Capability	Sheet metal brackets of this type are ubiquitous structural components used across the machinery, automotive, and aerospace sectors.	generated_no_pool
53	What manufacturing process was used to make this product?	filtered_images/www.5hfab.com/9.jpg	Tubing Capability	Anodizing Capability	Tapping Capability	Cnc machining capability	Embossing Capability	Finishing Capability	Fabricating Capability	Boring Capability	D;F;G	manufacture_qa	image_qa	manufacturing_process	Medium	www.5hfab.com	Metal;Lead	Machining Capability;Finishing Capability;Welding Capability;Fabricating Capability;Assembly Capability;Fabricating Capability	Producing this part involves precision profile cutting, sheet metal bending (fabrication), and surface preparation (finishing).	pool
54	What type of product is shown in this image?	filtered_images/www.5hfab.com/12.jpg	Racks	custom laser cut metal component	Fabricated Parts	Gates	metal enclosure part	Medical Components	Pins	sheet metal panel	B;C;E;H	manufacture_qa	image_qa	product_type	Medium	www.5hfab.com	Metal;Lead	Machining Capability;Finishing Capability;Welding Capability;Fabricating Capability;Assembly Capability;Fabricating Capability	The image shows a precision-cut sheet metal component with formed edges and holes, characteristic of a part for a metal enclosure.	generated_no_pool
55	What material is this product made from?	filtered_images/www.5hfab.com/12.jpg	Erbium	cobalt	Graphite	Metal	Exotic Material	Wood	Alloy Steel	Urethane	D;G	manufacture_qa	image_qa	product_material	Easy	www.5hfab.com	Metal;Lead	Machining Capability;Finishing Capability;Welding Capability;Fabricating Capability;Assembly Capability;Fabricating Capability	The part's reflective surface, precise bends, and structural tabs indicate it is made from formed sheet metal, typically alloy steel.	pool
56	Is this a finished product or raw material?	filtered_images/www.5hfab.com/12.jpg	Finished	Raw Material							A	manufacture_qa	image_qa	product_state	Easy	www.5hfab.com	Metal;Lead	Machining Capability;Finishing Capability;Welding Capability;Fabricating Capability;Assembly Capability;Fabricating Capability	The component has been fully cut, formed, and appears to have a protective surface coating or paint applied, making it ready for assembly.	
57	What does this image show?	filtered_images/www.5hfab.com/12.jpg	Machine	Product	Facility	Diagram					B	manufacture_qa	image_qa	image_content	Medium	www.5hfab.com	Metal;Lead	Machining Capability;Finishing Capability;Welding Capability;Fabricating Capability;Assembly Capability;Fabricating Capability	The image displays a specific manufactured part rather than a machine, facility, or schematic.	
58	What industry sector does this product belong to?	filtered_images/www.5hfab.com/12.jpg	Textiles Industry	Electronic Product Industry	Telecommunications Industry	Metal Production Industry	Automotive Industry	Nuclear Power	Machinary And Equipment Industry	Plastic And Rubber Industry	B;C;D;G	manufacture_qa	image_qa	industry_sector	Hard	www.5hfab.com	Metal;Lead	Machining Capability;Finishing Capability;Welding Capability;Fabricating Capability;Assembly Capability;Fabricating Capability	Sheet metal panels like this are commonly used as enclosure components or covers for electronics, machinery, and telecom equipment.	generated_no_pool
59	What manufacturing process was used to make this product?	filtered_images/www.5hfab.com/12.jpg	Milling Capability	Reaming Capability	Fabricating Capability	Finishing Capability	Rolling capability	Milling capability	Casting Capability	Sinker EDM Capability	C;D	manufacture_qa	image_qa	manufacturing_process	Medium	www.5hfab.com	Metal;Lead	Machining Capability;Finishing Capability;Welding Capability;Fabricating Capability;Assembly Capability;Fabricating Capability	The part required cutting and forming processes (fabricating) as well as a surface treatment or coating (finishing).	pool
60	What type of product is shown in this image?	filtered_images/www.5hfab.com/10.jpg	Metal Components	Adhesives	Accessories	Beams	Metal bracket	Hydraulic Components	Gaskets	Wall Panels	A;E	manufacture_qa	image_qa	product_type	Medium	www.5hfab.com	Metal;Lead	Machining Capability;Finishing Capability;Welding Capability;Fabricating Capability;Assembly Capability;Fabricating Capability	The image shows a U-shaped structural part made of metal, which functions as a mounting bracket or support component.	generated_no_pool
61	What material is this product made from?	filtered_images/www.5hfab.com/10.jpg	Tantalum	Gold	Metal	Silver	Graphite	Cerium	Zinc Alloy	Nickel	C	manufacture_qa	image_qa	product_material	Easy	www.5hfab.com	Metal;Lead	Machining Capability;Finishing Capability;Welding Capability;Fabricating Capability;Assembly Capability;Fabricating Capability	The item displays a characteristic metallic luster and brushed surface texture typical of industrial metal parts.	pool
62	Is this a finished product or raw material?	filtered_images/www.5hfab.com/10.jpg	Finished	Raw Material							A	manufacture_qa	image_qa	product_state	Easy	www.5hfab.com	Metal;Lead	Machining Capability;Finishing Capability;Welding Capability;Fabricating Capability;Assembly Capability;Fabricating Capability	The part has clearly defined dimensions, pre-drilled mounting holes, and a finished surface treatment, indicating it is ready for assembly.	
63	What does this image show?	filtered_images/www.5hfab.com/10.jpg	Machine	Product	Facility	Diagram					B	manufacture_qa	image_qa	image_content	Medium	www.5hfab.com	Metal;Lead	Machining Capability;Finishing Capability;Welding Capability;Fabricating Capability;Assembly Capability;Fabricating Capability	The image captures a single, discrete manufactured object rather than a machine, facility, or diagram.	
64	What industry sector does this product belong to?	filtered_images/www.5hfab.com/10.jpg	Warehousing And Storage Industry	Textiles	Metal Production Industry	Electronic Product Industry	Machinary And Equipment Industry	Consumer Goods	Telecommunications Industry	Military Industry	C;E	manufacture_qa	image_qa	industry_sector	Hard	www.5hfab.com	Metal;Lead	Machining Capability;Finishing Capability;Welding Capability;Fabricating Capability;Assembly Capability;Fabricating Capability	This type of fabricated structural component is primarily produced and used within the metal fabrication and machinery sectors.	generated_no_pool
65	What manufacturing process was used to make this product?	filtered_images/www.5hfab.com/10.jpg	Galvanizing Capability	Machining Capability	Fabricating Capability	Polycrystalline Diamond Machining Capability	Finishing Capability	Finishing capability	Brazing Capability	Passivation Capability	B;C;E	manufacture_qa	image_qa	manufacturing_process	Medium	www.5hfab.com	Metal;Lead	Machining Capability;Finishing Capability;Welding Capability;Fabricating Capability;Assembly Capability;Fabricating Capability	The production of this part involves bending or forming (fabricating), drilling holes (machining), and applying a brushed surface texture (finishing).	pool
66	What type of product is shown in this image?	filtered_images/www.5hfab.com/6.jpg	Industrial Equipment	Medical Devices	Hand Tools	Hubs	Custom metal enclosure part	Electronic equipment faceplate	Metal chassis panel	Precision Parts	E;F;G	manufacture_qa	image_qa	product_type	Medium	www.5hfab.com	Metal;Lead	Machining Capability;Finishing Capability;Welding Capability;Fabricating Capability;Assembly Capability;Fabricating Capability	The image displays a metallic component with various cutouts for connectors, labeled with technical terms like 'DC POWER SUPPLY' and 'VENT', identifying it as a panel or enclosure for electronics.	generated_no_pool
67	What material is this product made from?	filtered_images/www.5hfab.com/6.jpg	Metal	Precious Material	Aluminum	Torlon	Mercury	Zinc Alloy	Extremely Hard Material	Alloy Steel	A;C	manufacture_qa	image_qa	product_material	Easy	www.5hfab.com	Metal;Lead	Machining Capability;Finishing Capability;Welding Capability;Fabricating Capability;Assembly Capability;Fabricating Capability	The object has a brushed metallic appearance and light weight characteristics typical of aluminum used in electronic faceplates.	pool
68	Is this a finished product or raw material?	filtered_images/www.5hfab.com/6.jpg	Finished	Raw Material							A	manufacture_qa	image_qa	product_state	Easy	www.5hfab.com	Metal;Lead	Machining Capability;Finishing Capability;Welding Capability;Fabricating Capability;Assembly Capability;Fabricating Capability	The part has undergone all primary manufacturing stages including cutting, bending, surface finishing, and technical labeling.	
69	What does this image show?	filtered_images/www.5hfab.com/6.jpg	Machine	Product	Facility	Diagram					B	manufacture_qa	image_qa	image_content	Medium	www.5hfab.com	Metal;Lead	Machining Capability;Finishing Capability;Welding Capability;Fabricating Capability;Assembly Capability;Fabricating Capability	The image shows a singular manufactured item that is a component part of a larger assembly.	
70	What industry sector does this product belong to?	filtered_images/www.5hfab.com/6.jpg	High-Tech Industry	Mining Industry	Electronic Automotive industry	Machinary And Equipment Industry	Petrochemical Industry	Sports and Leisure	Construction Industry	Electronic Product Industry	A;H;D	manufacture_qa	image_qa	industry_sector	Hard	www.5hfab.com	Metal;Lead	Machining Capability;Finishing Capability;Welding Capability;Fabricating Capability;Assembly Capability;Fabricating Capability	The specific labels for power supplies and chamber pressures suggest use in high-tech electronic equipment or industrial machinery.	generated_no_pool
71	What manufacturing process was used to make this product?	filtered_images/www.5hfab.com/6.jpg	Fabricating Capability	Laser Etching Capability	Finishing Capability	Packing Capability	Forming capability	Shaping Capability	EDM Capability	CNC Milling Capability	A;B;C;E;F	manufacture_qa	image_qa	manufacturing_process	Medium	www.5hfab.com	Metal;Lead	Machining Capability;Finishing Capability;Welding Capability;Fabricating Capability;Assembly Capability;Fabricating Capability	The part required sheet metal fabrication, including laser etching for the text, a brushed surface finish, forming (bending) the edges, and shaping the complex cutouts.	pool
72	What type of product is shown in this image?	filtered_images/www.3dsystems.com/figure-4_1.jpg	Tough Plastics	Plastic Materials	Nylon Materials	Production-grade SLA Resin	Rigid Plastics	Composite Materials	High-temperature Plastics	Custom Products	A;B;D;E;G;H	manufacture_qa	image_qa	product_type	Medium	www.3dsystems.com	Ceramic;Aluminum;Copper;Polycarbonate;Wood;Nylon;Urethane;Silicone;Steel;Rubber;Glass;Stainless Steel;Lead;Composite;Nickel;Chemicals;Cobalt;Plastic;Iron	Additive Manufacturing Capability;Casting Capability;Extruding Capability;Reaming Capability;Welding Capability;Casting Capability;Vacuum Casting Capability;Shaping Capability;Die Casting Capability;Packing Capability;Drilling Capability;Assembly Capability;Milling Capability;Investment Casting Capability;Addtive Manufacturing Capability;Sheet Metal Processing Capability;Machining Capability;Sintering Capability;Finishing Capability	The Figure 4 Production system is an industrial additive manufacturing platform designed to produce a variety of production-grade plastic parts, including tough, rigid, and high-temperature materials for custom applications.	pool
73	What material is this product made from?	filtered_images/www.3dsystems.com/figure-4_1.jpg	Ceramic	Copper	Silicone	Aluminum	Nylon	Ruthenium	Steel	Urethane	D;G	manufacture_qa	image_qa	product_material	Easy	www.3dsystems.com	Ceramic;Aluminum;Copper;Polycarbonate;Wood;Nylon;Urethane;Silicone;Steel;Rubber;Glass;Stainless Steel;Lead;Composite;Nickel;Chemicals;Cobalt;Plastic;Iron	Additive Manufacturing Capability;Casting Capability;Extruding Capability;Reaming Capability;Welding Capability;Casting Capability;Vacuum Casting Capability;Shaping Capability;Die Casting Capability;Packing Capability;Drilling Capability;Assembly Capability;Milling Capability;Investment Casting Capability;Addtive Manufacturing Capability;Sheet Metal Processing Capability;Machining Capability;Sintering Capability;Finishing Capability	Large-scale industrial manufacturing equipment like the Figure 4 system is primarily constructed with a chassis and housing made from durable steel and aluminum.	pool
74	Is this a finished product or raw material?	filtered_images/www.3dsystems.com/figure-4_1.jpg	Finished	Raw Material							A	manufacture_qa	image_qa	product_state	Easy	www.3dsystems.com	Ceramic;Aluminum;Copper;Polycarbonate;Wood;Nylon;Urethane;Silicone;Steel;Rubber;Glass;Stainless Steel;Lead;Composite;Nickel;Chemicals;Cobalt;Plastic;Iron	Additive Manufacturing Capability;Casting Capability;Extruding Capability;Reaming Capability;Welding Capability;Casting Capability;Vacuum Casting Capability;Shaping Capability;Die Casting Capability;Packing Capability;Drilling Capability;Assembly Capability;Milling Capability;Investment Casting Capability;Addtive Manufacturing Capability;Sheet Metal Processing Capability;Machining Capability;Sintering Capability;Finishing Capability	The image shows a complete, fully assembled, and ready-to-use industrial 3D printing production system.	
75	What does this image show?	filtered_images/www.3dsystems.com/figure-4_1.jpg	Machine	Product	Facility	Diagram					A	manufacture_qa	image_qa	image_content	Medium	www.3dsystems.com	Ceramic;Aluminum;Copper;Polycarbonate;Wood;Nylon;Urethane;Silicone;Steel;Rubber;Glass;Stainless Steel;Lead;Composite;Nickel;Chemicals;Cobalt;Plastic;Iron	Additive Manufacturing Capability;Casting Capability;Extruding Capability;Reaming Capability;Welding Capability;Casting Capability;Vacuum Casting Capability;Shaping Capability;Die Casting Capability;Packing Capability;Drilling Capability;Assembly Capability;Milling Capability;Investment Casting Capability;Addtive Manufacturing Capability;Sheet Metal Processing Capability;Machining Capability;Sintering Capability;Finishing Capability	The image clearly depicts a modular industrial machine, specifically the 3D Systems Figure 4 Production platform.	
76	What industry sector does this product belong to?	filtered_images/www.3dsystems.com/figure-4_1.jpg	Consumer Goods	Healthcare Services Industry	Food and Beverage Industry	Professional Services Industry	Automotive Industry	Warehousing And Storage Industry	Sports And Leisure Industry	Transportation Industry	A;B;E;G;H	manufacture_qa	image_qa	industry_sector	Hard	www.3dsystems.com	Ceramic;Aluminum;Copper;Polycarbonate;Wood;Nylon;Urethane;Silicone;Steel;Rubber;Glass;Stainless Steel;Lead;Composite;Nickel;Chemicals;Cobalt;Plastic;Iron	Additive Manufacturing Capability;Casting Capability;Extruding Capability;Reaming Capability;Welding Capability;Casting Capability;Vacuum Casting Capability;Shaping Capability;Die Casting Capability;Packing Capability;Drilling Capability;Assembly Capability;Milling Capability;Investment Casting Capability;Addtive Manufacturing Capability;Sheet Metal Processing Capability;Machining Capability;Sintering Capability;Finishing Capability	This high-throughput additive manufacturing system is widely used across these industries for producing end-use parts like dental components, automotive brackets, and footwear.	pool
77	What manufacturing process was used to make this product?	filtered_images/www.3dsystems.com/figure-4_1.jpg	Cnc machining	Investment Casting Capability	Boring Capability	Sintering Capability	Live Tooling Capability	Grinding Capability	Additive Manufacturing Capability	Finishing Capability	G	manufacture_qa	image_qa	manufacturing_process	Medium	www.3dsystems.com	Ceramic;Aluminum;Copper;Polycarbonate;Wood;Nylon;Urethane;Silicone;Steel;Rubber;Glass;Stainless Steel;Lead;Composite;Nickel;Chemicals;Cobalt;Plastic;Iron	Additive Manufacturing Capability;Casting Capability;Extruding Capability;Reaming Capability;Welding Capability;Casting Capability;Vacuum Casting Capability;Shaping Capability;Die Casting Capability;Packing Capability;Drilling Capability;Assembly Capability;Milling Capability;Investment Casting Capability;Addtive Manufacturing Capability;Sheet Metal Processing Capability;Machining Capability;Sintering Capability;Finishing Capability	The Figure 4 Production system is defined by its additive manufacturing capability, specifically using a high-speed digital light processing (DLP) style photopolymerization process.	pool
78	What type of product is shown in this image?	filtered_images/www.3dxindustries.com/Gallery_Part2.jpg	Prototypes	Precision Machined Components	Precision Components	Spacers	Welding Equipment	Fasteners	Electronic Components	3D Metal Printed Products	A;B;C;H	manufacture_qa	image_qa	product_type	Medium	www.3dxindustries.com	Composite;Aluminum;Stainless Steel;Glass;Tungsten;Plastic;Steel;Iron;Inconel;Copper;Metal;Bronze;Titanium	Additive Manufacturing Capability;Machining Capability;Drilling Capability;Assembly Capability;Milling Capability;CNC Milling Capability;Machining Capability;Addtive Manufacturing Capability;Electro Plating Capability;Machining Capability;Sintering Capability;Finishing Capability;CNC Machining Capability;Turning Capability;Rapid Prototyping Capability;Forming Capability	The component shows a combination of raw 3D-printed textures on the gear and cone sections with high-precision machined surfaces on the shaft ends, common in functional prototypes.	pool
79	What material is this product made from?	filtered_images/www.3dxindustries.com/Gallery_Part2.jpg	Steel	Bronze	Metal	Stainless Steel	hastelloy	Torlon	Fiber Glass	Invar	A;C;D	manufacture_qa	image_qa	product_material	Easy	www.3dxindustries.com	Composite;Aluminum;Stainless Steel;Glass;Tungsten;Plastic;Steel;Iron;Inconel;Copper;Metal;Bronze;Titanium	Additive Manufacturing Capability;Machining Capability;Drilling Capability;Assembly Capability;Milling Capability;CNC Milling Capability;Machining Capability;Addtive Manufacturing Capability;Electro Plating Capability;Machining Capability;Sintering Capability;Finishing Capability;CNC Machining Capability;Turning Capability;Rapid Prototyping Capability;Forming Capability	The metallic appearance and the grain structure of the 3D-printed sections are consistent with common industrial metals like stainless steel or alloy steels.	pool
80	Is this a finished product or raw material?	filtered_images/www.3dxindustries.com/Gallery_Part2.jpg	Finished	Raw Material							A	manufacture_qa	image_qa	product_state	Easy	www.3dxindustries.com	Composite;Aluminum;Stainless Steel;Glass;Tungsten;Plastic;Steel;Iron;Inconel;Copper;Metal;Bronze;Titanium	Additive Manufacturing Capability;Machining Capability;Drilling Capability;Assembly Capability;Milling Capability;CNC Milling Capability;Machining Capability;Addtive Manufacturing Capability;Electro Plating Capability;Machining Capability;Sintering Capability;Finishing Capability;CNC Machining Capability;Turning Capability;Rapid Prototyping Capability;Forming Capability	The part appears fully processed, having undergone both additive manufacturing and secondary precision machining on the functional mating surfaces.	
81	What does this image show?	filtered_images/www.3dxindustries.com/Gallery_Part2.jpg	Machine	Product	Facility	Diagram					B	manufacture_qa	image_qa	image_content	Medium	www.3dxindustries.com	Composite;Aluminum;Stainless Steel;Glass;Tungsten;Plastic;Steel;Iron;Inconel;Copper;Metal;Bronze;Titanium	Additive Manufacturing Capability;Machining Capability;Drilling Capability;Assembly Capability;Milling Capability;CNC Milling Capability;Machining Capability;Addtive Manufacturing Capability;Electro Plating Capability;Machining Capability;Sintering Capability;Finishing Capability;CNC Machining Capability;Turning Capability;Rapid Prototyping Capability;Forming Capability	The image displays a single, discrete manufactured component intended for use within a larger mechanical system.	
82	What industry sector does this product belong to?	filtered_images/www.3dxindustries.com/Gallery_Part2.jpg	Agriculture Industry	Government Industry	Machinary And Equipment Industry	Transportation Industry	Automotive Industry	Construction Industry	Aerospace Industry	Paper Industry	C;D;E;G	manufacture_qa	image_qa	industry_sector	Hard	www.3dxindustries.com	Composite;Aluminum;Stainless Steel;Glass;Tungsten;Plastic;Steel;Iron;Inconel;Copper;Metal;Bronze;Titanium	Additive Manufacturing Capability;Machining Capability;Drilling Capability;Assembly Capability;Milling Capability;CNC Milling Capability;Machining Capability;Addtive Manufacturing Capability;Electro Plating Capability;Machining Capability;Sintering Capability;Finishing Capability;CNC Machining Capability;Turning Capability;Rapid Prototyping Capability;Forming Capability	High-performance gear shafts produced via additive manufacturing and CNC machining are primarily used in high-tech sectors like aerospace, automotive, and specialized machinery.	generated_inappropriate
83	What manufacturing process was used to make this product?	filtered_images/www.3dxindustries.com/Gallery_Part2.jpg	Machining Capability	Turning Capability	Turning capability	Sintering Capability	Additive Manufacturing Capability	Rapid Prototyping Capability	Finishing Capability	CNC Machining Capability	A;B;C;D;E;F;G;H	manufacture_qa	image_qa	manufacturing_process	Medium	www.3dxindustries.com	Composite;Aluminum;Stainless Steel;Glass;Tungsten;Plastic;Steel;Iron;Inconel;Copper;Metal;Bronze;Titanium	Additive Manufacturing Capability;Machining Capability;Drilling Capability;Assembly Capability;Milling Capability;CNC Milling Capability;Machining Capability;Addtive Manufacturing Capability;Electro Plating Capability;Machining Capability;Sintering Capability;Finishing Capability;CNC Machining Capability;Turning Capability;Rapid Prototyping Capability;Forming Capability	The part was created using additive manufacturing (sintering) for complex geometry, followed by CNC turning for precision shaft surfaces and finishing processes.	pool
84	What type of product is shown in this image?	filtered_images/www.3dxindustries.com/Gallery_GearSet1.jpg	Fixtures	Plastic Components	Pump Components	3D Metal Printed Products	Precision Machined Components	Turbine Components	Electronics	Prototypes	C;F;E;H	manufacture_qa	image_qa	product_type	Medium	www.3dxindustries.com	Composite;Aluminum;Stainless Steel;Glass;Tungsten;Plastic;Steel;Iron;Inconel;Copper;Metal;Bronze;Titanium	Additive Manufacturing Capability;Machining Capability;Drilling Capability;Assembly Capability;Milling Capability;CNC Milling Capability;Machining Capability;Addtive Manufacturing Capability;Electro Plating Capability;Machining Capability;Sintering Capability;Finishing Capability;CNC Machining Capability;Turning Capability;Rapid Prototyping Capability;Forming Capability	The parts include an impeller-like disc and hexagonal housings typical of pump and turbine assemblies, all featuring high-precision machining marks.	pool
85	What material is this product made from?	filtered_images/www.3dxindustries.com/Gallery_GearSet1.jpg	Gold	Composite Material	Stainless Steel	Aluminum	Hafnium	Metal	Steel	Low Alloy Steel	D;F;C;G	manufacture_qa	image_qa	product_material	Easy	www.3dxindustries.com	Composite;Aluminum;Stainless Steel;Glass;Tungsten;Plastic;Steel;Iron;Inconel;Copper;Metal;Bronze;Titanium	Additive Manufacturing Capability;Machining Capability;Drilling Capability;Assembly Capability;Milling Capability;CNC Milling Capability;Machining Capability;Addtive Manufacturing Capability;Electro Plating Capability;Machining Capability;Sintering Capability;Finishing Capability;CNC Machining Capability;Turning Capability;Rapid Prototyping Capability;Forming Capability	The bright, silvery luster and surface finish are consistent with common precision-machined metals like aluminum or stainless steel.	pool
86	Is this a finished product or raw material?	filtered_images/www.3dxindustries.com/Gallery_GearSet1.jpg	Finished	Raw Material							A	manufacture_qa	image_qa	product_state	Easy	www.3dxindustries.com	Composite;Aluminum;Stainless Steel;Glass;Tungsten;Plastic;Steel;Iron;Inconel;Copper;Metal;Bronze;Titanium	Additive Manufacturing Capability;Machining Capability;Drilling Capability;Assembly Capability;Milling Capability;CNC Milling Capability;Machining Capability;Addtive Manufacturing Capability;Electro Plating Capability;Machining Capability;Sintering Capability;Finishing Capability;CNC Machining Capability;Turning Capability;Rapid Prototyping Capability;Forming Capability	The components have undergone final machining and surface finishing, and are shown being measured for quality control.	
87	What does this image show?	filtered_images/www.3dxindustries.com/Gallery_GearSet1.jpg	Machine	Product	Facility	Diagram					B	manufacture_qa	image_qa	image_content	Medium	www.3dxindustries.com	Composite;Aluminum;Stainless Steel;Glass;Tungsten;Plastic;Steel;Iron;Inconel;Copper;Metal;Bronze;Titanium	Additive Manufacturing Capability;Machining Capability;Drilling Capability;Assembly Capability;Milling Capability;CNC Milling Capability;Machining Capability;Addtive Manufacturing Capability;Electro Plating Capability;Machining Capability;Sintering Capability;Finishing Capability;CNC Machining Capability;Turning Capability;Rapid Prototyping Capability;Forming Capability	The image focuses on a collection of discrete manufactured metal parts rather than the machinery used to create them.	
88	What industry sector does this product belong to?	filtered_images/www.3dxindustries.com/Gallery_GearSet1.jpg	Sports And Leisure Industry	Utilities Industry	Plastic And Rubber Industry	Agriculture Industry	Military Industry	High-Tech Industry	Electronic Automotive Industry	Automotive Industry	F;H;E	manufacture_qa	image_qa	industry_sector	Hard	www.3dxindustries.com	Composite;Aluminum;Stainless Steel;Glass;Tungsten;Plastic;Steel;Iron;Inconel;Copper;Metal;Bronze;Titanium	Additive Manufacturing Capability;Machining Capability;Drilling Capability;Assembly Capability;Milling Capability;CNC Milling Capability;Machining Capability;Addtive Manufacturing Capability;Electro Plating Capability;Machining Capability;Sintering Capability;Finishing Capability;CNC Machining Capability;Turning Capability;Rapid Prototyping Capability;Forming Capability	Complex, precision-engineered metal components are standard in advanced sectors like high-performance automotive, aerospace/military, and high-tech engineering.	pool
89	What manufacturing process was used to make this product?	filtered_images/www.3dxindustries.com/Gallery_GearSet1.jpg	Sintering Capability	CNC Milling Capability	Electro Plating Capability	Additive Manufacturing Capability	Milling Capability	Finishing Capability	Machining Capability	Drilling Capability	B;E;G;H;F	manufacture_qa	image_qa	manufacturing_process	Medium	www.3dxindustries.com	Composite;Aluminum;Stainless Steel;Glass;Tungsten;Plastic;Steel;Iron;Inconel;Copper;Metal;Bronze;Titanium	Additive Manufacturing Capability;Machining Capability;Drilling Capability;Assembly Capability;Milling Capability;CNC Milling Capability;Machining Capability;Addtive Manufacturing Capability;Electro Plating Capability;Machining Capability;Sintering Capability;Finishing Capability;CNC Machining Capability;Turning Capability;Rapid Prototyping Capability;Forming Capability	The components exhibit complex profiles, recessed pockets, and drilled holes that require a variety of machining processes, primarily CNC milling and finishing.	pool
90	What type of product is shown in this image?	filtered_images/www.3dxindustries.com/Gallery_Deconstruct1.jpg	Prototypes	Specialty Products	Turbine Components	3D Metal Printed Products	Posters	Wheels	Precision Machined Components	Composites	B;G	manufacture_qa	image_qa	product_type	Medium	www.3dxindustries.com	Composite;Aluminum;Stainless Steel;Glass;Tungsten;Plastic;Steel;Iron;Inconel;Copper;Metal;Bronze;Titanium	Additive Manufacturing Capability;Machining Capability;Drilling Capability;Assembly Capability;Milling Capability;CNC Milling Capability;Machining Capability;Addtive Manufacturing Capability;Electro Plating Capability;Machining Capability;Sintering Capability;Finishing Capability;CNC Machining Capability;Turning Capability;Rapid Prototyping Capability;Forming Capability	The parts shown are high-tolerance, complex items produced through precision subtractive manufacturing for specific technical assemblies.	pool
91	What material is this product made from?	filtered_images/www.3dxindustries.com/Gallery_Deconstruct1.jpg	Phos Bronze	Palladium	Metal	Aluminum	Stainless Steel	Plastic	Alumina	Fiber Glass	C;D	manufacture_qa	image_qa	product_material	Easy	www.3dxindustries.com	Composite;Aluminum;Stainless Steel;Glass;Tungsten;Plastic;Steel;Iron;Inconel;Copper;Metal;Bronze;Titanium	Additive Manufacturing Capability;Machining Capability;Drilling Capability;Assembly Capability;Milling Capability;CNC Milling Capability;Machining Capability;Addtive Manufacturing Capability;Electro Plating Capability;Machining Capability;Sintering Capability;Finishing Capability;CNC Machining Capability;Turning Capability;Rapid Prototyping Capability;Forming Capability	The silvery-white appearance and machining marks are characteristic of aluminum, which is a common industrial metal.	pool
92	Is this a finished product or raw material?	filtered_images/www.3dxindustries.com/Gallery_Deconstruct1.jpg	Finished	Raw Material							A	manufacture_qa	image_qa	product_state	Easy	www.3dxindustries.com	Composite;Aluminum;Stainless Steel;Glass;Tungsten;Plastic;Steel;Iron;Inconel;Copper;Metal;Bronze;Titanium	Additive Manufacturing Capability;Machining Capability;Drilling Capability;Assembly Capability;Milling Capability;CNC Milling Capability;Machining Capability;Addtive Manufacturing Capability;Electro Plating Capability;Machining Capability;Sintering Capability;Finishing Capability;CNC Machining Capability;Turning Capability;Rapid Prototyping Capability;Forming Capability	The components exhibit completed features like holes, slots, and smooth surface finishes, indicating they are ready for use or assembly.	
93	What does this image show?	filtered_images/www.3dxindustries.com/Gallery_Deconstruct1.jpg	Machine	Product	Facility	Diagram					B	manufacture_qa	image_qa	image_content	Medium	www.3dxindustries.com	Composite;Aluminum;Stainless Steel;Glass;Tungsten;Plastic;Steel;Iron;Inconel;Copper;Metal;Bronze;Titanium	Additive Manufacturing Capability;Machining Capability;Drilling Capability;Assembly Capability;Milling Capability;CNC Milling Capability;Machining Capability;Addtive Manufacturing Capability;Electro Plating Capability;Machining Capability;Sintering Capability;Finishing Capability;CNC Machining Capability;Turning Capability;Rapid Prototyping Capability;Forming Capability	The image depicts physical items resulting from a manufacturing process, shown in an exploded layout.	
94	What industry sector does this product belong to?	filtered_images/www.3dxindustries.com/Gallery_Deconstruct1.jpg	Transportation Industry	Textiles Industry	Metal Production Industry	Machinary And Equipment Industry	Aerospace Industry	Computer Industry	Government Industry	Automotive Industry	A;D;E;H	manufacture_qa	image_qa	industry_sector	Hard	www.3dxindustries.com	Composite;Aluminum;Stainless Steel;Glass;Tungsten;Plastic;Steel;Iron;Inconel;Copper;Metal;Bronze;Titanium	Additive Manufacturing Capability;Machining Capability;Drilling Capability;Assembly Capability;Milling Capability;CNC Milling Capability;Machining Capability;Addtive Manufacturing Capability;Electro Plating Capability;Machining Capability;Sintering Capability;Finishing Capability;CNC Machining Capability;Turning Capability;Rapid Prototyping Capability;Forming Capability	Such high-precision machined components are typically utilized in advanced sectors requiring tight tolerances, such as aerospace, automotive, and general machinery.	generated_inappropriate
95	What manufacturing process was used to make this product?	filtered_images/www.3dxindustries.com/Gallery_Deconstruct1.jpg	Milling Capability	Installation	Machining Capability	CNC Machining Capability	Drilling Capability	CNC Milling Capability	Additive Manufacturing Capability	Finishing Capability	A;C;D;E;F;H	manufacture_qa	image_qa	manufacturing_process	Medium	www.3dxindustries.com	Composite;Aluminum;Stainless Steel;Glass;Tungsten;Plastic;Steel;Iron;Inconel;Copper;Metal;Bronze;Titanium	Additive Manufacturing Capability;Machining Capability;Drilling Capability;Assembly Capability;Milling Capability;CNC Milling Capability;Machining Capability;Addtive Manufacturing Capability;Electro Plating Capability;Machining Capability;Sintering Capability;Finishing Capability;CNC Machining Capability;Turning Capability;Rapid Prototyping Capability;Forming Capability	The various shapes, bored holes, and milled slots indicate a combination of CNC milling, drilling, and finishing processes.	pool
96	What type of product is shown in this image?	filtered_images/www.3dxindustries.com/Gallery_Gears8.jpg	3D Metal Printed Products	Pump Components	Prototypes	Aerospace Parts	Turbine Components	Precision Machined Components	Replacement Parts	Custom Fabrication	A;B;C;E;F	manufacture_qa	image_qa	product_type	Medium	www.3dxindustries.com	Composite;Aluminum;Stainless Steel;Glass;Tungsten;Plastic;Steel;Iron;Inconel;Copper;Metal;Bronze;Titanium	Additive Manufacturing Capability;Machining Capability;Drilling Capability;Assembly Capability;Milling Capability;CNC Milling Capability;Machining Capability;Addtive Manufacturing Capability;Electro Plating Capability;Machining Capability;Sintering Capability;Finishing Capability;CNC Machining Capability;Turning Capability;Rapid Prototyping Capability;Forming Capability	The image shows several versions of a complex impeller or turbine wheel, exhibiting characteristics of precision machining and 3D metal printing for prototyping purposes.	pool
97	What material is this product made from?	filtered_images/www.3dxindustries.com/Gallery_Gears8.jpg	Yttrium	Aluminum	Stainless Steel	Plastic	Powdered Metal	Nomex	Metal	Vanadium	B;E;G	manufacture_qa	image_qa	product_material	Easy	www.3dxindustries.com	Composite;Aluminum;Stainless Steel;Glass;Tungsten;Plastic;Steel;Iron;Inconel;Copper;Metal;Bronze;Titanium	Additive Manufacturing Capability;Machining Capability;Drilling Capability;Assembly Capability;Milling Capability;CNC Milling Capability;Machining Capability;Addtive Manufacturing Capability;Electro Plating Capability;Machining Capability;Sintering Capability;Finishing Capability;CNC Machining Capability;Turning Capability;Rapid Prototyping Capability;Forming Capability	The top component appears to be machined aluminum, while the bottom-right component has the matte, granular finish typical of parts made from powdered metal via additive manufacturing.	pool
98	Is this a finished product or raw material?	filtered_images/www.3dxindustries.com/Gallery_Gears8.jpg	Finished	Raw Material							A	manufacture_qa	image_qa	product_state	Easy	www.3dxindustries.com	Composite;Aluminum;Stainless Steel;Glass;Tungsten;Plastic;Steel;Iron;Inconel;Copper;Metal;Bronze;Titanium	Additive Manufacturing Capability;Machining Capability;Drilling Capability;Assembly Capability;Milling Capability;CNC Milling Capability;Machining Capability;Addtive Manufacturing Capability;Electro Plating Capability;Machining Capability;Sintering Capability;Finishing Capability;CNC Machining Capability;Turning Capability;Rapid Prototyping Capability;Forming Capability	The parts are fully formed with complex geometric details and appear ready for testing or assembly into a larger machine.	
99	What does this image show?	filtered_images/www.3dxindustries.com/Gallery_Gears8.jpg	Machine	Product	Facility	Diagram					B	manufacture_qa	image_qa	image_content	Medium	www.3dxindustries.com	Composite;Aluminum;Stainless Steel;Glass;Tungsten;Plastic;Steel;Iron;Inconel;Copper;Metal;Bronze;Titanium	Additive Manufacturing Capability;Machining Capability;Drilling Capability;Assembly Capability;Milling Capability;CNC Milling Capability;Machining Capability;Addtive Manufacturing Capability;Electro Plating Capability;Machining Capability;Sintering Capability;Finishing Capability;CNC Machining Capability;Turning Capability;Rapid Prototyping Capability;Forming Capability	The image focuses on the manufactured objects themselves rather than the machinery used to make them or the facility where they are stored.	
100	What industry sector does this product belong to?	filtered_images/www.3dxindustries.com/Gallery_Gears8.jpg	Offshore Wind Industry	Automotive Industry	Electronic Automotive industry	Printing And Information Industry	Food and Beverage Industry	Military Industry	Business Equipment Industry	Oil And Gas Industry	B;H	manufacture_qa	image_qa	industry_sector	Hard	www.3dxindustries.com	Composite;Aluminum;Stainless Steel;Glass;Tungsten;Plastic;Steel;Iron;Inconel;Copper;Metal;Bronze;Titanium	Additive Manufacturing Capability;Machining Capability;Drilling Capability;Assembly Capability;Milling Capability;CNC Milling Capability;Machining Capability;Addtive Manufacturing Capability;Electro Plating Capability;Machining Capability;Sintering Capability;Finishing Capability;CNC Machining Capability;Turning Capability;Rapid Prototyping Capability;Forming Capability	Complex impellers and turbine components are critical for high-performance pumps and turbochargers used extensively in the oil and gas and automotive sectors.	pool
101	What manufacturing process was used to make this product?	filtered_images/www.3dxindustries.com/Gallery_Gears8.jpg	Machining Capability	Additive Manufacturing Capability	CNC Milling Capability	Rapid Prototyping Capability	Plasma Cutting Capability	Rolling Capability	Milling Capability	CNC Machining Capability	A;B;C;D;G;H	manufacture_qa	image_qa	manufacturing_process	Medium	www.3dxindustries.com	Composite;Aluminum;Stainless Steel;Glass;Tungsten;Plastic;Steel;Iron;Inconel;Copper;Metal;Bronze;Titanium	Additive Manufacturing Capability;Machining Capability;Drilling Capability;Assembly Capability;Milling Capability;CNC Milling Capability;Machining Capability;Addtive Manufacturing Capability;Electro Plating Capability;Machining Capability;Sintering Capability;Finishing Capability;CNC Machining Capability;Turning Capability;Rapid Prototyping Capability;Forming Capability	The variety of finishes indicates that different processes were used: CNC milling/machining for the shiny metal part and additive manufacturing for the textured prototype.	pool
102	What type of product is shown in this image?	filtered_images/www.3dxindustries.com/Gallery_BottleOpener1.jpg	3D Metal Printed Products	Heat Exchangers	Ornaments	Conveyors	Prototypes	Aluminum Components	Knickknacks	Gaskets	A;E;C;G	manufacture_qa	image_qa	product_type	Medium	www.3dxindustries.com	Composite;Aluminum;Stainless Steel;Glass;Tungsten;Plastic;Steel;Iron;Inconel;Copper;Metal;Bronze;Titanium	Additive Manufacturing Capability;Machining Capability;Drilling Capability;Assembly Capability;Milling Capability;CNC Milling Capability;Machining Capability;Addtive Manufacturing Capability;Electro Plating Capability;Machining Capability;Sintering Capability;Finishing Capability;CNC Machining Capability;Turning Capability;Rapid Prototyping Capability;Forming Capability	The object is a complex, latticed Klein bottle created as a demonstration piece or decorative item using metal 3D printing technologies.	pool
103	What material is this product made from?	filtered_images/www.3dxindustries.com/Gallery_BottleOpener1.jpg	Stainless Steel	Waspaloy	Alloy	Bronze	Metal	Glass	Ferroalloy	Lexan	A;D;E;C	manufacture_qa	image_qa	product_material	Easy	www.3dxindustries.com	Composite;Aluminum;Stainless Steel;Glass;Tungsten;Plastic;Steel;Iron;Inconel;Copper;Metal;Bronze;Titanium	Additive Manufacturing Capability;Machining Capability;Drilling Capability;Assembly Capability;Milling Capability;CNC Milling Capability;Machining Capability;Addtive Manufacturing Capability;Electro Plating Capability;Machining Capability;Sintering Capability;Finishing Capability;CNC Machining Capability;Turning Capability;Rapid Prototyping Capability;Forming Capability	The visual appearance, including the metallic luster and slightly granular texture, is typical of metal alloys like stainless steel or bronze used in additive manufacturing.	pool
104	Is this a finished product or raw material?	filtered_images/www.3dxindustries.com/Gallery_BottleOpener1.jpg	Finished	Raw Material							A	manufacture_qa	image_qa	product_state	Easy	www.3dxindustries.com	Composite;Aluminum;Stainless Steel;Glass;Tungsten;Plastic;Steel;Iron;Inconel;Copper;Metal;Bronze;Titanium	Additive Manufacturing Capability;Machining Capability;Drilling Capability;Assembly Capability;Milling Capability;CNC Milling Capability;Machining Capability;Addtive Manufacturing Capability;Electro Plating Capability;Machining Capability;Sintering Capability;Finishing Capability;CNC Machining Capability;Turning Capability;Rapid Prototyping Capability;Forming Capability	The object is in its final intended form, having undergone all major manufacturing steps to achieve its complex geometry.	
105	What does this image show?	filtered_images/www.3dxindustries.com/Gallery_BottleOpener1.jpg	Machine	Product	Facility	Diagram					B	manufacture_qa	image_qa	image_content	Medium	www.3dxindustries.com	Composite;Aluminum;Stainless Steel;Glass;Tungsten;Plastic;Steel;Iron;Inconel;Copper;Metal;Bronze;Titanium	Additive Manufacturing Capability;Machining Capability;Drilling Capability;Assembly Capability;Milling Capability;CNC Milling Capability;Machining Capability;Addtive Manufacturing Capability;Electro Plating Capability;Machining Capability;Sintering Capability;Finishing Capability;CNC Machining Capability;Turning Capability;Rapid Prototyping Capability;Forming Capability	The image shows a discrete, manufactured item rather than a machine, facility, or abstract diagram.	
106	What industry sector does this product belong to?	filtered_images/www.3dxindustries.com/Gallery_BottleOpener1.jpg	Aerospace Industry	Recycling Industry	Automotive Industry	High-Tech Industry	Metal Production Industry	Printing And Information Industry	Medical Industry	Pharmaceutical Industry	A;C;D;G;E	manufacture_qa	image_qa	industry_sector	Hard	www.3dxindustries.com	Composite;Aluminum;Stainless Steel;Glass;Tungsten;Plastic;Steel;Iron;Inconel;Copper;Metal;Bronze;Titanium	Additive Manufacturing Capability;Machining Capability;Drilling Capability;Assembly Capability;Milling Capability;CNC Milling Capability;Machining Capability;Addtive Manufacturing Capability;Electro Plating Capability;Machining Capability;Sintering Capability;Finishing Capability;CNC Machining Capability;Turning Capability;Rapid Prototyping Capability;Forming Capability	The advanced manufacturing techniques used to create such intricate lattice structures are primarily utilized in these high-performance and technology-driven sectors.	generated_inappropriate
107	What manufacturing process was used to make this product?	filtered_images/www.3dxindustries.com/Gallery_BottleOpener1.jpg	Laser Cutting Capability	Rapid Prototyping Capability	Tubing Capability	Additive Manufacturing Capability	Finishing Capability	Forging Capability	Waterjet Cutting Capability	Sintering Capability	B;D;H	manufacture_qa	image_qa	manufacturing_process	Medium	www.3dxindustries.com	Composite;Aluminum;Stainless Steel;Glass;Tungsten;Plastic;Steel;Iron;Inconel;Copper;Metal;Bronze;Titanium	Additive Manufacturing Capability;Machining Capability;Drilling Capability;Assembly Capability;Milling Capability;CNC Milling Capability;Machining Capability;Addtive Manufacturing Capability;Electro Plating Capability;Machining Capability;Sintering Capability;Finishing Capability;CNC Machining Capability;Turning Capability;Rapid Prototyping Capability;Forming Capability	The complex, hollow, and latticed geometry is characteristic of additive manufacturing processes, which are used for rapid prototyping and often involve sintering metal powder.	pool
108	What type of product is shown in this image?	filtered_images/www.3dxindustries.com/Gallery_Gear3.jpg	Handrails	Adapters	Heat Exchangers	Plugs	Prototypes	Precision Machined Components	3D Metal Printed Products	Nuts	E;G	manufacture_qa	image_qa	product_type	Medium	www.3dxindustries.com	Composite;Aluminum;Stainless Steel;Glass;Tungsten;Plastic;Steel;Iron;Inconel;Copper;Metal;Bronze;Titanium	Additive Manufacturing Capability;Machining Capability;Drilling Capability;Assembly Capability;Milling Capability;CNC Milling Capability;Machining Capability;Addtive Manufacturing Capability;Electro Plating Capability;Machining Capability;Sintering Capability;Finishing Capability;CNC Machining Capability;Turning Capability;Rapid Prototyping Capability;Forming Capability	The gear exhibits a grainy surface texture characteristic of 3D metal printing, often used for creating functional prototypes.	pool
109	What material is this product made from?	filtered_images/www.3dxindustries.com/Gallery_Gear3.jpg	Steel	Fiber Glass	Stainless Steel	Strontium	Aluminum	Metal	Nomex	Bronze	F;H	manufacture_qa	image_qa	product_material	Easy	www.3dxindustries.com	Composite;Aluminum;Stainless Steel;Glass;Tungsten;Plastic;Steel;Iron;Inconel;Copper;Metal;Bronze;Titanium	Additive Manufacturing Capability;Machining Capability;Drilling Capability;Assembly Capability;Milling Capability;CNC Milling Capability;Machining Capability;Addtive Manufacturing Capability;Electro Plating Capability;Machining Capability;Sintering Capability;Finishing Capability;CNC Machining Capability;Turning Capability;Rapid Prototyping Capability;Forming Capability	The object has a distinct metallic luster and a bronze-like color, indicating it is made from a bronze alloy or bronze-infused metal.	pool
110	Is this a finished product or raw material?	filtered_images/www.3dxindustries.com/Gallery_Gear3.jpg	Finished	Raw Material							A	manufacture_qa	image_qa	product_state	Easy	www.3dxindustries.com	Composite;Aluminum;Stainless Steel;Glass;Tungsten;Plastic;Steel;Iron;Inconel;Copper;Metal;Bronze;Titanium	Additive Manufacturing Capability;Machining Capability;Drilling Capability;Assembly Capability;Milling Capability;CNC Milling Capability;Machining Capability;Addtive Manufacturing Capability;Electro Plating Capability;Machining Capability;Sintering Capability;Finishing Capability;CNC Machining Capability;Turning Capability;Rapid Prototyping Capability;Forming Capability	The gear appears to be a completed part with a defined keyway and gear teeth, ready for installation or testing.	
111	What does this image show?	filtered_images/www.3dxindustries.com/Gallery_Gear3.jpg	Machine	Product	Facility	Diagram					B	manufacture_qa	image_qa	image_content	Medium	www.3dxindustries.com	Composite;Aluminum;Stainless Steel;Glass;Tungsten;Plastic;Steel;Iron;Inconel;Copper;Metal;Bronze;Titanium	Additive Manufacturing Capability;Machining Capability;Drilling Capability;Assembly Capability;Milling Capability;CNC Milling Capability;Machining Capability;Addtive Manufacturing Capability;Electro Plating Capability;Machining Capability;Sintering Capability;Finishing Capability;CNC Machining Capability;Turning Capability;Rapid Prototyping Capability;Forming Capability	The image displays a single, discrete manufactured component rather than a machine, facility, or schematic.	
112	What industry sector does this product belong to?	filtered_images/www.3dxindustries.com/Gallery_Gear3.jpg	Automotive Industry	Printing And Information Industry	Military Industry	Semiconductor Industry	Chemical And Petrochemical Industry	Food Industry	Warehousing And Storage Industry	Paper and Pulp Industry	A;C;B	manufacture_qa	image_qa	industry_sector	Hard	www.3dxindustries.com	Composite;Aluminum;Stainless Steel;Glass;Tungsten;Plastic;Steel;Iron;Inconel;Copper;Metal;Bronze;Titanium	Additive Manufacturing Capability;Machining Capability;Drilling Capability;Assembly Capability;Milling Capability;CNC Milling Capability;Machining Capability;Addtive Manufacturing Capability;Electro Plating Capability;Machining Capability;Sintering Capability;Finishing Capability;CNC Machining Capability;Turning Capability;Rapid Prototyping Capability;Forming Capability	Complex gears produced via additive manufacturing are commonly used in the automotive and military sectors for specialized parts, as well as in high-end printing machinery.	pool
113	What manufacturing process was used to make this product?	filtered_images/www.3dxindustries.com/Gallery_Gear3.jpg	Drawing Capability	Sintering Capability	Shaping Capability	Rapid Prototyping Capability	Additive Manufacturing Capability	Turning capability	CNC Machining Capability	Machining Capability	B;D;E	manufacture_qa	image_qa	manufacturing_process	Medium	www.3dxindustries.com	Composite;Aluminum;Stainless Steel;Glass;Tungsten;Plastic;Steel;Iron;Inconel;Copper;Metal;Bronze;Titanium	Additive Manufacturing Capability;Machining Capability;Drilling Capability;Assembly Capability;Milling Capability;CNC Milling Capability;Machining Capability;Addtive Manufacturing Capability;Electro Plating Capability;Machining Capability;Sintering Capability;Finishing Capability;CNC Machining Capability;Turning Capability;Rapid Prototyping Capability;Forming Capability	The characteristic grainy surface finish is a result of additive manufacturing processes like Direct Metal Laser Sintering (DMLS), which is frequently used for rapid prototyping.	pool
114	What type of product is shown in this image?	filtered_images/www.3dxindustries.com/Gallery_Rotor2.jpg	Structural Components	Stainless Steel Components	Prototypes	Precision Machined Components	Fixtures	Pump Components	3D Metal Printed Products	Turbine Components	G;D;H;C	manufacture_qa	image_qa	product_type	Medium	www.3dxindustries.com	Composite;Aluminum;Stainless Steel;Glass;Tungsten;Plastic;Steel;Iron;Inconel;Copper;Metal;Bronze;Titanium	Additive Manufacturing Capability;Machining Capability;Drilling Capability;Assembly Capability;Milling Capability;CNC Milling Capability;Machining Capability;Addtive Manufacturing Capability;Electro Plating Capability;Machining Capability;Sintering Capability;Finishing Capability;CNC Machining Capability;Turning Capability;Rapid Prototyping Capability;Forming Capability	The image features a 3D-printed turbine impeller in the foreground and various precision-machined metal blocks that appear to be industrial prototypes or fixtures.	pool
115	What material is this product made from?	filtered_images/www.3dxindustries.com/Gallery_Rotor2.jpg	Stainless Steel	Lexan	Phosphor Bronze	Aluminum	Fiber	Lead	Metal	hastelloy	G	manufacture_qa	image_qa	product_material	Easy	www.3dxindustries.com	Composite;Aluminum;Stainless Steel;Glass;Tungsten;Plastic;Steel;Iron;Inconel;Copper;Metal;Bronze;Titanium	Additive Manufacturing Capability;Machining Capability;Drilling Capability;Assembly Capability;Milling Capability;CNC Milling Capability;Machining Capability;Addtive Manufacturing Capability;Electro Plating Capability;Machining Capability;Sintering Capability;Finishing Capability;CNC Machining Capability;Turning Capability;Rapid Prototyping Capability;Forming Capability	All objects in the image display distinct metallic lusters and surface textures characteristic of industrial metal alloys.	pool
116	Is this a finished product or raw material?	filtered_images/www.3dxindustries.com/Gallery_Rotor2.jpg	Finished	Raw Material							A	manufacture_qa	image_qa	product_state	Easy	www.3dxindustries.com	Composite;Aluminum;Stainless Steel;Glass;Tungsten;Plastic;Steel;Iron;Inconel;Copper;Metal;Bronze;Titanium	Additive Manufacturing Capability;Machining Capability;Drilling Capability;Assembly Capability;Milling Capability;CNC Milling Capability;Machining Capability;Addtive Manufacturing Capability;Electro Plating Capability;Machining Capability;Sintering Capability;Finishing Capability;CNC Machining Capability;Turning Capability;Rapid Prototyping Capability;Forming Capability	The items are shown as discrete, fully-formed parts with final geometries rather than bulk raw materials like ingots or sheets.	
117	What does this image show?	filtered_images/www.3dxindustries.com/Gallery_Rotor2.jpg	Machine	Product	Facility	Diagram					B	manufacture_qa	image_qa	image_content	Medium	www.3dxindustries.com	Composite;Aluminum;Stainless Steel;Glass;Tungsten;Plastic;Steel;Iron;Inconel;Copper;Metal;Bronze;Titanium	Additive Manufacturing Capability;Machining Capability;Drilling Capability;Assembly Capability;Milling Capability;CNC Milling Capability;Machining Capability;Addtive Manufacturing Capability;Electro Plating Capability;Machining Capability;Sintering Capability;Finishing Capability;CNC Machining Capability;Turning Capability;Rapid Prototyping Capability;Forming Capability	The image displays a collection of manufactured industrial components rather than a machine, facility, or diagram.	
118	What industry sector does this product belong to?	filtered_images/www.3dxindustries.com/Gallery_Rotor2.jpg	Semiconductor Industry	Warehousing And Storage Industry	Education Industry	Military Industry	Wood Product Manufacturing Industry	Electronic Product Industry	Sports and Leisure	Automotive Industry	H;D	manufacture_qa	image_qa	industry_sector	Hard	www.3dxindustries.com	Composite;Aluminum;Stainless Steel;Glass;Tungsten;Plastic;Steel;Iron;Inconel;Copper;Metal;Bronze;Titanium	Additive Manufacturing Capability;Machining Capability;Drilling Capability;Assembly Capability;Milling Capability;CNC Milling Capability;Machining Capability;Addtive Manufacturing Capability;Electro Plating Capability;Machining Capability;Sintering Capability;Finishing Capability;CNC Machining Capability;Turning Capability;Rapid Prototyping Capability;Forming Capability	Turbine components like the one shown are essential parts of turbochargers in the automotive sector and propulsion systems in the military/aerospace sector.	pool
119	What manufacturing process was used to make this product?	filtered_images/www.3dxindustries.com/Gallery_Rotor2.jpg	Machining Capability	Turning Capability	Additive Manufacturing Capability	Milling Capability	CNC Milling Capability	Sintering Capability	CNC Machining Capability	Brazing Capability	C;F;G	manufacture_qa	image_qa	manufacturing_process	Medium	www.3dxindustries.com	Composite;Aluminum;Stainless Steel;Glass;Tungsten;Plastic;Steel;Iron;Inconel;Copper;Metal;Bronze;Titanium	Additive Manufacturing Capability;Machining Capability;Drilling Capability;Assembly Capability;Milling Capability;CNC Milling Capability;Machining Capability;Addtive Manufacturing Capability;Electro Plating Capability;Machining Capability;Sintering Capability;Finishing Capability;CNC Machining Capability;Turning Capability;Rapid Prototyping Capability;Forming Capability	The turbine impeller shows the layered texture of additive manufacturing (likely via sintering), while the background blocks exhibit clean edges and holes typical of CNC machining.	pool
120	What type of product is shown in this image?	filtered_images/www.3dxindustries.com/Gallery_Sphere1.jpg	Adhesives	Hoppers	Ornaments	Knickknacks	Prototypes	Firearms	3D Metal Printed Products	Composites	C;D;E;G	manufacture_qa	image_qa	product_type	Medium	www.3dxindustries.com	Composite;Aluminum;Stainless Steel;Glass;Tungsten;Plastic;Steel;Iron;Inconel;Copper;Metal;Bronze;Titanium	Additive Manufacturing Capability;Machining Capability;Drilling Capability;Assembly Capability;Milling Capability;CNC Milling Capability;Machining Capability;Addtive Manufacturing Capability;Electro Plating Capability;Machining Capability;Sintering Capability;Finishing Capability;CNC Machining Capability;Turning Capability;Rapid Prototyping Capability;Forming Capability	The object is an intricate geometric shape often used to demonstrate 3D printing capabilities or as a decorative piece.	pool
121	What material is this product made from?	filtered_images/www.3dxindustries.com/Gallery_Sphere1.jpg	Kovar	Cold-rolled Steel	Alumina	Carbon Fiber	Stainless Steel	Metal	Rhenium	Niobium	E;F	manufacture_qa	image_qa	product_material	Easy	www.3dxindustries.com	Composite;Aluminum;Stainless Steel;Glass;Tungsten;Plastic;Steel;Iron;Inconel;Copper;Metal;Bronze;Titanium	Additive Manufacturing Capability;Machining Capability;Drilling Capability;Assembly Capability;Milling Capability;CNC Milling Capability;Machining Capability;Addtive Manufacturing Capability;Electro Plating Capability;Machining Capability;Sintering Capability;Finishing Capability;CNC Machining Capability;Turning Capability;Rapid Prototyping Capability;Forming Capability	The visible grainy texture and metallic sheen are characteristic of stainless steel parts created via powder-based metal 3D printing.	pool
122	Is this a finished product or raw material?	filtered_images/www.3dxindustries.com/Gallery_Sphere1.jpg	Finished	Raw Material							A	manufacture_qa	image_qa	product_state	Easy	www.3dxindustries.com	Composite;Aluminum;Stainless Steel;Glass;Tungsten;Plastic;Steel;Iron;Inconel;Copper;Metal;Bronze;Titanium	Additive Manufacturing Capability;Machining Capability;Drilling Capability;Assembly Capability;Milling Capability;CNC Milling Capability;Machining Capability;Addtive Manufacturing Capability;Electro Plating Capability;Machining Capability;Sintering Capability;Finishing Capability;CNC Machining Capability;Turning Capability;Rapid Prototyping Capability;Forming Capability	The object is a completed geometric structure that has reached its final intended shape.	
123	What does this image show?	filtered_images/www.3dxindustries.com/Gallery_Sphere1.jpg	Machine	Product	Facility	Diagram					B	manufacture_qa	image_qa	image_content	Medium	www.3dxindustries.com	Composite;Aluminum;Stainless Steel;Glass;Tungsten;Plastic;Steel;Iron;Inconel;Copper;Metal;Bronze;Titanium	Additive Manufacturing Capability;Machining Capability;Drilling Capability;Assembly Capability;Milling Capability;CNC Milling Capability;Machining Capability;Addtive Manufacturing Capability;Electro Plating Capability;Machining Capability;Sintering Capability;Finishing Capability;CNC Machining Capability;Turning Capability;Rapid Prototyping Capability;Forming Capability	The image shows a discrete, manufactured physical object.	
124	What industry sector does this product belong to?	filtered_images/www.3dxindustries.com/Gallery_Sphere1.jpg	Recycling Industry	Semiconductor Industry	Consumer Goods	Wood Product Manufacturing Industry	High-Tech Industry	Metal Production Industry	Aerospace Industry	Goverment Industry	E;G;F	manufacture_qa	image_qa	industry_sector	Hard	www.3dxindustries.com	Composite;Aluminum;Stainless Steel;Glass;Tungsten;Plastic;Steel;Iron;Inconel;Copper;Metal;Bronze;Titanium	Additive Manufacturing Capability;Machining Capability;Drilling Capability;Assembly Capability;Milling Capability;CNC Milling Capability;Machining Capability;Addtive Manufacturing Capability;Electro Plating Capability;Machining Capability;Sintering Capability;Finishing Capability;CNC Machining Capability;Turning Capability;Rapid Prototyping Capability;Forming Capability	Complex, lightweight metal structures like this are primarily produced for high-tech applications, including aerospace engineering and advanced metal fabrication.	generated_inappropriate
125	What manufacturing process was used to make this product?	filtered_images/www.3dxindustries.com/Gallery_Sphere1.jpg	Sintering Capability	Rapid Prototyping Capability	Additive Manufacturing Capability	Machining Capability	Sinker EDM Capability	Finishing Capability	Turning Capability	Galvanizing Capability	A;B;C	manufacture_qa	image_qa	manufacturing_process	Medium	www.3dxindustries.com	Composite;Aluminum;Stainless Steel;Glass;Tungsten;Plastic;Steel;Iron;Inconel;Copper;Metal;Bronze;Titanium	Additive Manufacturing Capability;Machining Capability;Drilling Capability;Assembly Capability;Milling Capability;CNC Milling Capability;Machining Capability;Addtive Manufacturing Capability;Electro Plating Capability;Machining Capability;Sintering Capability;Finishing Capability;CNC Machining Capability;Turning Capability;Rapid Prototyping Capability;Forming Capability	The complex internal lattice structure and surface finish indicate it was made using an additive manufacturing process such as selective laser sintering.	pool
