index	question	image_path	A	B	C	D	E	F	answer
0	Based on this product image, which of the following is the most likely sequence of manufacturing processes used to produce this product?	images/0000.jpg	Aluminum extrusion → CNC milling → Powder coating	Aluminum extrusion → Cut to length → Anodize	Injection molding → Trim flash → Paint	Die casting → Deburring → Chrome plating	Aluminum extrusion → Anodize → Cut to length	Sand casting → Machining → Anodize	B
1	Based on this product image, which of the following is the most likely sequence of manufacturing processes used to produce this product?	images/0001.jpeg	Sand casting → Trimming flash → Powder coating	Blanking → Bending → Electroplating	Apply organic coating → Drying → Curing	CNC milling → Surface grinding → Anodizing	CNC turning → Hard turning → Chrome plating	Powder coating → Curing → Apply organic coating	C
2	Based on this product image, which of the following is the most likely sequence of manufacturing processes used to produce this product?	images/0002.jpg	CNC turning → Drilling → Tapping → Deburring → Annealing	Bar rolling → Vertical milling → Boring → Thread milling → Stress relief	Cold rolling → CNC turning → Drilling → Tapping → Deburring	Cold rolling → CNC turning → Drilling → Tapping → Centerless grinding	Forging (open-die) → Rough turning → Finish turning → Case hardening → Powder coating	Hot rolling → CNC milling → Reaming → Honing → Electroplating	C
3	Based on this product image, which of the following is the most likely sequence of manufacturing processes used to produce this product?	images/0003.jpg	CNC milling → Heat treatment → Surface grinding	Sand casting → CNC turning → Anodizing	Sheet rolling → Deep drawing → Tapping	Bar rolling → Investment casting → Honing	Bar rolling → CNC milling → Powder coating	Bar rolling → CNC milling → Drilling → Deburring	F
4	Based on this product image, which of the following is the most likely sequence of manufacturing processes used to produce this product?	images/0004.png	CNC milling → Drilling → Reaming → Electroplating	CNC milling → Drilling → Reaming → Deburring	Forging → CNC milling → Drilling → Reaming	CNC milling → Drilling → Tapping → Deburring	CNC turning → Drilling → Reaming → Deburring	CNC milling → Hard turning → Reaming → Deburring	B
5	Based on this product image, which of the following is the most likely sequence of manufacturing processes used to produce this product?	images/0005.webp	Electroplating → Sheet rolling → Blanking bending drawing	Sheet rolling → Blanking → Bending → Electroplating	Sheet rolling → Blanking bending drawing	Aluminum extrusion → CNC milling → Anodizing	Sheet rolling → Blanking → Bending → Powder coating	Sheet rolling → Blanking bending drawing → Powder coating	B
6	Based on this product image, which of the following is the most likely sequence of manufacturing processes used to produce this product?	images/0006.jpg	Sand casting → Machining → Apply organic coating	Apply organic coating → Curing → Drying	Injection molding → Painting → Curing	CNC milling → Deburring → Powder coating	Aluminum extrusion → Anodizing → Assembly	Apply organic coating → Drying → Curing	F
7	Based on this product image, which of the following is the most likely sequence of manufacturing processes used to produce this product?	images/0007.jpg	Sand casting → Machining → Anodizing	CNC milling → Thread milling → Hard turning → Honing	Bar rolling → CNC turning → Thread milling → Drilling → Surface grinding → Electroplating	Bar rolling → CNC turning → Drilling → Deburring → No heat treatment	Bar rolling → Rough turning → Finish turning → Tapping → Chrome plating	Injection molding → CNC milling → Powder coating	C
8	Based on this product image, which of the following is the most likely sequence of manufacturing processes used to produce this product?	images/0008.jpg	Aluminum extrusion → CNC turning → Electroplating	Sand casting → Machining → Anodizing	Deep drawing → Trimming flash → Surface grinding	Bar rolling → Rough turning → Finish turning → Powder coating	Bar rolling → CNC turning → Cylindrical grinding → Deburring	CNC milling → Hard turning → Chrome plating	E
9	Based on this product image, which of the following is the most likely sequence of manufacturing processes used to produce this product?	images/0009.jpg	Blanking bending drawing → Quench hardening → Honing → Anodizing	Sheet rolling → Deep drawing → Hard turning → Chrome plating	Aluminum extrusion → CNC milling → Powder coating	Injection molding → Annealing → Electroplating	Sand casting → Trimming flash → Surface grinding → Painting	Sheet rolling → Blanking bending drawing	F
10	Based on this product image, which of the following is the most likely sequence of manufacturing processes used to produce this product?	images/0010.jpg	CNC milling → Surface grinding → Nickel plating	Electroplating → Sheet rolling → Blanking bending drawing	Die casting → Machining → Powder coating	Aluminum extrusion → Anodizing	Sand casting → Deburring → Chrome plating	Sheet rolling → Blanking bending drawing → Electroplating	F
11	Based on this product image, which of the following is the most likely sequence of manufacturing processes used to produce this product?	images/0011.jpg	Bar rolling → CNC turning → Thread milling → Powder coating	Sand casting → CNC milling → Electroplating	Bar rolling → CNC turning → Thread milling → Quench hardening → Electroplating	Injection molding → Machining → Electroplating	Bar rolling → CNC turning → Finish turning → Thread milling → Electroplating	Bar rolling → Rough turning → Electroplating → Finish turning	E
12	Based on this product image, which of the following is the most likely sequence of manufacturing processes used to produce this product?	images/0012.jpg	Aluminum extrusion → CNC milling → Powder coating	Sand casting → Machining → Anodizing	Sheet rolling → CNC turning → Chrome plating	Electroplating → Sheet rolling → Blanking bending drawing	Sheet rolling → Blanking bending drawing → Electroplating	Sheet rolling → Blanking bending drawing	E
13	Based on this product image, which of the following is the most likely sequence of manufacturing processes used to produce this product?	images/0013.webp	Electroplating → Sheet rolling → Blanking bending drawing	Sheet rolling → CNC milling → Anodizing	Sheet rolling → Blanking bending drawing	Sand casting → Machining → Powder coating	Sheet rolling → Blanking bending drawing → Heat treatment → Electroplating	Sheet rolling → Blanking → Bending → Surface preparation → Powder coating	F
14	Based on this product image, which of the following is the most likely sequence of manufacturing processes used to produce this product?	images/0014.jpg	Injection molding → Surface grinding → Powder coating	CNC milling → Drilling → Reaming → Painting	CNC milling → Painting → Honing	Forging → Hard turning → Anodizing	Sand casting → CNC turning → Painting	Die casting → Deburring → Chrome plating	B
15	Based on this product image, which of the following is the most likely sequence of manufacturing processes used to produce this product?	images/0015.jpg	Bar rolling → CNC milling → Surface grinding → Anodizing	CNC milling → Anodizing → Surface grinding	Aluminum extrusion → Deburring → Electroplating → Assembly	Sheet rolling → Deep drawing → Tapping → Nickel plating	Sand casting → Rough turning → Finish turning → Powder coating	Injection molding → CNC turning → Chrome plating	A
16	Based on this product image, which of the following is the most likely sequence of manufacturing processes used to produce this product?	images/0016.jpg	Aluminum extrusion → Cut to length → Quench hardening	Aluminum extrusion → Anodizing → Cut to length	Sand casting → Machining → Anodizing	Aluminum extrusion → Cut to length	Sheet rolling → Blanking bending drawing	CNC milling → Deburring → Powder coating	D
17	Based on this product image, which of the following is the most likely sequence of manufacturing processes used to produce this product?	images/0017.jpg	CNC milling → Deburring → Electroplating → Drying → Curing	CNC turning → Drilling → Tapping → Hard turning → Surface grinding	CNC milling → Deburring → Apply organic coating → Drying → Curing	CNC milling → Deburring → Quench hardening → Tempering → Powder coating	CNC milling → Reaming → Boring → Centerless grinding → Anodizing	Forging (open-die) → Rough turning → Finish turning → Honing → Chrome plating	C
18	Based on this product image, which of the following is the most likely sequence of manufacturing processes used to produce this product?	images/0018.jpg	CNC turning → Drilling → Chrome plating	Sand casting → Trimming flash → Surface grinding	Sheet rolling → Blanking bending drawing	Blanking bending drawing → Powder coating → Heat treatment	Aluminum extrusion → CNC milling → Anodizing	Sheet rolling → Injection molding → Painting	C
19	Based on this product image, which of the following is the most likely sequence of manufacturing processes used to produce this product?	images/0019.jpg	Rough machining → Finish machining → Powder coating	Finish machining → Rough machining	Sand casting → Deburring	CNC turning → Surface grinding	Rough machining → Finish machining	Injection molding → Annealing	E
20	Based on this product image, which of the following is the most likely sequence of manufacturing processes used to produce this product?	images/0020.jpg	Aluminum extrusion → Anodize → Cut to length	Injection molding → Trimming flash → Painting	Aluminum extrusion → Cut to length → Anodize	Die casting → CNC milling → Powder coating	Sand casting → Machining → Anodize	Aluminum extrusion → Cut to length → Electroplating	C
21	Based on this product image, which of the following is the most likely sequence of manufacturing processes used to produce this product?	images/0021.jpg	Electrostatic spray charged powder → Bake to melt and cure powder	Electroplating → Chrome plating	Anodizing → Clear coat	Powder coating (electrostatic spray → bake/cure) → Sand blasting	Painting → Drying → Curing	Surface preparation (clean + phosphate) → Electroplating	A
22	Based on this product image, which of the following is the most likely sequence of manufacturing processes used to produce this product?	images/0022.jpg	Aluminum extrusion → Anodize → Cut to length	Die casting → Deburring → Powder coating	Aluminum extrusion → CNC milling → Chrome plating	Sand casting → Machining → Anodize	Aluminum extrusion → Cut to length → Anodize	Aluminum extrusion → Cut to length	E
23	Based on this product image, which of the following is the most likely sequence of manufacturing processes used to produce this product?	images/0023.jpg	Apply organic coating → Drying → Curing	Die casting → Deburring → Chrome plating	Injection molding → Painting → Clear coat	Apply organic coating → Curing → Drying	Sand casting → Trimming flash → Powder coating	CNC milling → Surface grinding → Anodizing	A
24	Based on this product image, which of the following is the most likely sequence of manufacturing processes used to produce this product?	images/0024.jpg	Cold rolling → Hard turning → Case hardening	Hot rolling → CNC milling → Honing	Forging (open-die) → Thread milling → Electroplating	Bar rolling → Deep hole drilling → Taper turning	Cold rolling → CNC turning → Deburring	CNC turning → Quench hardening → Surface grinding	E
25	Based on this product image, which of the following is the most likely sequence of manufacturing processes used to produce this product?	images/0025.jpg	Cold rolling → CNC turning → Drilling → Reaming → Deburring	Hot rolling → CNC milling → Tapping → Surface grinding → Electroplating	Cold rolling → CNC turning → Deep hole drilling → Gun drilling → Hard turning	CNC turning → Drilling → Reaming → Tempering → Powder coating	Bar rolling → CNC turning → Broaching → Centerless grinding → Anodizing	Forging (open-die) → Rough turning → Finish turning → Honing → Stress relief	A
26	Based on this product image, which of the following is the most likely sequence of manufacturing processes used to produce this product?	images/0026.jpg	CNC turning → Surface grinding → Powder coating	Die casting → Trimming flash → Hard turning	Sand casting → CNC milling → Anodizing	Bar rolling → CNC turning → Drilling → Deburring	Blanking → Bending → Welding → Electroplating	Aluminum extrusion → Cutting to length → Thread milling	D
27	Based on this product image, which of the following is the most likely sequence of manufacturing processes used to produce this product?	images/0027.webp	Annealing → CNC milling → Drilling → Reaming → Deburring	CNC milling → Drilling → Reaming → Deburring	CNC milling → Drilling → Tapping → Deburring	Forging → CNC milling → Drilling → Reaming	CNC milling → Deep hole drilling → Honing → Deburring	CNC turning → Drilling → Reaming → Deburring	B
28	Based on this product image, which of the following is the most likely sequence of manufacturing processes used to produce this product?	images/0028.jpg	Aluminum extrusion → CNC milling → Powder coating	Die casting → Trimming flash → Chrome plating	Aluminum extrusion → Cut to length → Anodize	Sand casting → Machining → Anodize	Sheet rolling → Bending → Painting	Aluminum extrusion → Anodize → Cut to length	C
29	Based on this product image, which of the following is the most likely sequence of manufacturing processes used to produce this product?	images/0029.jpg	Sheet rolling → Blanking → Deep drawing → Surface cleaning → Electroplating	Sheet rolling → Blanking → Deep drawing → Powder coating	Sheet rolling → Blanking → Deep drawing → Electroplating	Sheet rolling → Blanking → Bending → Electroplating	Sheet rolling → Blanking → Deep drawing → Electroplating → Polishing	CNC milling → Deburring → Electroplating	A
30	Based on this product image, which of the following is the most likely sequence of manufacturing processes used to produce this product?	images/0030.jpg	Sand casting → Trimming flash → Machining → Powder coating	Sheet rolling → Blanking bending drawing → Quench hardening → Tempering	Aluminum extrusion → Cut to length → CNC milling → Anodizing	Forging (open-die) → Rough turning → Finish turning → Chrome plating	Injection molding → Trimming → Painting	Sheet rolling → Blanking bending drawing	F
31	Based on this product image, which of the following is the most likely sequence of manufacturing processes used to produce this product?	images/0031.jpg	CNC milling → Anodizing	Injection molding → Trimming flash → Painting	Sand casting → Machining → Powder coating	Sheet rolling → Blanking bending drawing	Deep drawing → Surface grinding → Chrome plating	Blanking bending drawing → Heat treatment → Electroplating	D
32	Based on this product image, which of the following is the most likely sequence of manufacturing processes used to produce this product?	images/0032.jpg	Aluminum extrusion → CNC milling → Anodizing	Sheet rolling → Blanking bending drawing → Electroplating	Sheet rolling → Electroplating → Blanking bending drawing	Sand casting → Machining → Powder coating	Hot rolling → Deep drawing → Chrome plating	Injection molding → Trimming flash → Painting	B
33	Based on this product image, which of the following is the most likely sequence of manufacturing processes used to produce this product?	images/0033.jpg	Aluminum extrusion → Anodize	Aluminum extrusion → Powder coating	Die casting → Deburring → Chrome plating	Sand casting → Machining → Anodize	CNC milling → Anodize	Anodize → Aluminum extrusion	A
34	Based on this product image, which of the following is the most likely sequence of manufacturing processes used to produce this product?	images/0034.jpg	Aluminum extrusion → Cut to length → Anodizing	Aluminum extrusion → Anodizing → Cut to length	Aluminum extrusion → Powder coating	Aluminum extrusion → CNC milling → Chrome plating	Aluminum extrusion → Cut to length → Deburring → Anodizing	Die casting → Machining → Anodizing	E
35	Based on this product image, which of the following is the most likely sequence of manufacturing processes used to produce this product?	images/0035.jpg	Sheet rolling → Blanking → Bending → Surface cleaning → Electroplating	Sheet rolling → Blanking → Bending → Electroplating	Sheet rolling → Blanking → Bending → Powder coating	Sheet rolling → Blanking → Bending → CNC milling → Electroplating	Sheet rolling → Blanking → Bending → Electroplating → Polishing	Sand casting → Machining → Electroplating	A
36	Based on this product image, which of the following is the most likely sequence of manufacturing processes used to produce this product?	images/0036.jpg	Sand casting → Trimming flash → Surface grinding	Cold rolling → Hot rolling to shape → Annealing	Aluminum extrusion → Anodizing → Powder coating	Hot rolling to shape → Quench hardening → Electroplating	CNC milling → Deburring → Chrome plating	Hot rolling to bloom slab billet → Hot rolling to shape → Cold rolling	F
37	Based on this product image, which of the following is the most likely sequence of manufacturing processes used to produce this product?	images/0037.jpg	Cold rolling → CNC milling → Drilling → Tapping → Hard turning	Hot rolling → CNC turning → Reaming → Honing → Electroplating	Cold rolling → 5-axis milling → Gun drilling → Tempering → Powder coating	Bar rolling → Rough turning → Finish turning → Centerless grinding → Chrome plating	Cold rolling → CNC milling → Drilling → Tapping → Deburring	Forging (open-die) → Surface grinding → Thread milling → Anodizing → Drying	E
38	Based on this product image, which of the following is the most likely sequence of manufacturing processes used to produce this product?	images/0038.jpg	Bar rolling → Rough turning → Finish turning → Honing → Welding	Bar rolling → CNC turning → CNC milling → Drilling → Deburring	Injection molding → Annealing → Chrome plating	Aluminum extrusion → Tapping → Powder coating	Sand casting → CNC turning → Surface grinding	CNC milling → CNC turning → Heat treatment → Anodizing	B
39	Based on this product image, which of the following is the most likely sequence of manufacturing processes used to produce this product?	images/0039.webp	Injection molding → Painting → Curing	Sheet rolling → Blanking → Bending → Deburring → Surface finishing	CNC milling → Anodizing	Aluminum extrusion → Cutting → Deburring	Sand casting → Machining → Powder coating	Blanking → Bending → Heat treatment → Chrome plating	B
40	Based on this product image, which of the following is the most likely sequence of manufacturing processes used to produce this product?	images/0040.jpg	CNC milling → Surface grinding → Anodizing	Hot rolling → Deep drawing → Chrome plating	Sand casting → Machining → Deburring	Aluminum extrusion → CNC turning → Hard turning	Blanking bending drawing → Powder coating → Curing	Sheet rolling → Blanking bending drawing	F
41	Based on this product image, which of the following is the most likely sequence of manufacturing processes used to produce this product?	images/0041.jpg	Forging (open-die) → Rough turning → Finish turning	CNC milling → Surface grinding → Anodizing	Sheet rolling → Blanking bending drawing	Powder metallurgy → Sintering → Chrome plating	Aluminum extrusion → Cut to length → Drilling	Sand casting → Trimming flash → CNC turning	C
42	Based on this product image, which of the following is the most likely sequence of manufacturing processes used to produce this product?	images/0042.jpg	CNC milling → Surface grinding → Powder coating	Sand casting → Heat treatment → Chrome plating	Injection molding → Painting → Curing	Hot rolling → Deburring → Anodizing	Apply organic coating → Drying → Curing	Apply organic coating → Curing → Drying	E
43	Based on this product image, which of the following is the most likely sequence of manufacturing processes used to produce this product?	images/0043.jpg	Anodize → Aluminum extrusion	Sand casting → Machining → Anodize	Aluminum extrusion → Anodize	Die casting → CNC milling → Chrome plating	Aluminum extrusion → No surface treatment	Aluminum extrusion → Powder coating → Anodize	C
44	Based on this product image, which of the following is the most likely sequence of manufacturing processes used to produce this product?	images/0044.jpg	Surface preparation (clean + phosphate) → Electrostatic spray charged powder → Bake to melt and cure powder → Anodizing	CNC milling → Anodizing → Powder coating	Surface preparation (clean + phosphate) → Electrostatic spray charged powder → Bake to melt and cure powder	Surface preparation (clean + phosphate) → Electrostatic spray charged powder	Electroplating → Surface preparation (clean + phosphate) → Bake to melt and cure powder	Sand casting → Machining → Chrome plating	C
45	Based on this product image, which of the following is the most likely sequence of manufacturing processes used to produce this product?	images/0045.jpg	Sheet rolling → Blanking bending drawing	Aluminum extrusion → Cut to length → Anodizing	Sheet rolling → Deep drawing → Case hardening	Sand casting → Trimming flash → Surface grinding	Blanking bending drawing → Electroplating → Hard turning	CNC milling → Deburring → Powder coating	A
46	Based on this product image, which of the following is the most likely sequence of manufacturing processes used to produce this product?	images/0046.jpg	CNC milling → Hard turning → Surface grinding → Nickel plating	Surface preparation (clean + phosphate) → Apply organic coating → Drying → Curing	Surface preparation (clean + phosphate) → Electrostatic spray charged powder → Bake to melt and cure powder	Electroplating → Chrome plating → Drying	Powder coating (electrostatic spray → bake/cure) → Welding	Anodizing → Clear coat	C
47	Based on this product image, which of the following is the most likely sequence of manufacturing processes used to produce this product?	images/0047.jpg	CNC turning → Drilling → Tapping → Chrome plating → Deburring	CNC turning → Drilling → Tapping → Deburring	CNC turning → Grinding → Tapping → Deburring	CNC turning → Drilling → Thread milling → Deburring	Forging → CNC turning → Tapping → Deburring	CNC turning → Tapping → Drilling → Deburring	B
48	Based on this product image, which of the following is the most likely sequence of manufacturing processes used to produce this product?	images/0048.jpg	Bar rolling → Deep hole drilling → Honing	Bar rolling → CNC turning → Thread milling → Surface grinding	Powder metallurgy → Sintering → Powder coating	Injection molding → Trimming flash → Chrome plating	Sand casting → CNC milling → Anodizing	CNC turning → Surface grinding → Heat treatment (quench hardening)	B
49	Based on this product image, which of the following is the most likely sequence of manufacturing processes used to produce this product?	images/0049.jpg	Cold rolling → CNC turning → CNC milling → Drilling → Deburring	Forging (open-die) → Rough turning → Surface grinding → Tapping → Chrome plating	Bar rolling → 5-axis milling → Hard turning → Case hardening → Anodizing	Hot rolling → CNC turning → EDM → Honing → Deburring	CNC milling → Drilling → Reaming → Gun drilling → Centerless grinding	Cold rolling → Broaching → Boring → Tempering → Powder coating	A
50	Based on this product image, which of the following is the most likely sequence of manufacturing processes used to produce this product?	images/0050.jpg	Electroplating → Surface preparation → Bake/cure	CNC milling → Anodizing → Powder coating	Sheet rolling → Blanking bending drawing → Painting → Drying	Die casting → Hard turning → Nickel plating → Clear coat	Surface preparation (clean + phosphate) → Electrostatic spray powder → Bake/cure	Sand casting → Machining → Chrome plating	E
51	Based on this product image, which of the following is the most likely sequence of manufacturing processes used to produce this product?	images/0051.jpg	Injection molding → Trimming → Painting	Forging → Rough turning → Finish turning → Electroplating	Aluminum extrusion → CNC milling → Anodizing	Die casting → Deburring → Powder coating	Sand casting → Shakeout → Trimming flash → Machining → Painting	CNC turning → Hard turning → Chrome plating	E
52	Based on this product image, which of the following is the most likely sequence of manufacturing processes used to produce this product?	images/0052.jpg	Sand casting → CNC turning → Anodizing	CNC milling → Powder coating → Curing	Aluminum extrusion → Cutting to length → Thread milling	Sheet rolling → Blanking → Bending → Welding	Bar rolling → CNC milling → Tapping → Deburring	Die casting → Drilling → Reaming → Chrome plating	E
53	Based on this product image, which of the following is the most likely sequence of manufacturing processes used to produce this product?	images/0053.jpg	Cold rolling → Surface grinding → Electroplating	Cold rolling → Broaching → Anodizing	Hot rolling → CNC turning → Honing	Bar rolling → Quench hardening → 5-axis milling	Forging (open-die) → Drilling → Tapping	Cold rolling → CNC milling → Deburring	F
54	Based on this product image, which of the following is the most likely sequence of manufacturing processes used to produce this product?	images/0054.jpg	Aluminum extrusion → Cut to length → Anodize	Sand casting → Machining → Anodize	Aluminum extrusion → CNC milling → Chrome plating	Aluminum extrusion → Anodize → Cut to length	Aluminum extrusion → Cut to length	Die casting → Deburring → Powder coating	A
55	Based on this product image, which of the following is the most likely sequence of manufacturing processes used to produce this product?	images/0055.jpg	Sheet rolling → Blanking → Bending → Welding → Surface cleaning → Electroplating	Sheet rolling → Blanking → Bending → Welding → Powder coating	Sheet rolling → Blanking → Bending → Electroplating	Sheet rolling → Laser cutting → Welding → Electroplating	Sheet rolling → Blanking → Bending → Welding → Electroplating → Polishing	Sand casting → Machining → Electroplating	A
56	Based on this product image, which of the following is the most likely sequence of manufacturing processes used to produce this product?	images/0056.jpg	CNC milling → Painting → Honing	Injection molding → Painting	Die casting → Painting	CNC milling → Drilling → Tapping → Powder coating	Sand casting → CNC turning → Painting	CNC milling → Drilling → Tapping → Painting	F
57	Based on this product image, which of the following is the most likely sequence of manufacturing processes used to produce this product?	images/0057.jpg	Sand casting → Machining → Anodize	Aluminum extrusion → Cut to length → Anodize	Aluminum extrusion → Anodize → Cut to length	Die casting → Deburring → Powder coating	Aluminum extrusion → CNC milling → Chrome plating	Sheet rolling → Deep drawing → Painting	B
58	Based on this product image, which of the following is the most likely sequence of manufacturing processes used to produce this product?	images/0058.jpg	Bar rolling → CNC milling → Deep hole drilling → Gun drilling → Powder coating	Cold rolling → CNC milling → Drilling → Tapping → Deburring → Quench hardening (oil)	Forging (open-die) → Hard turning → Thread milling → Centerless grinding → Anodizing	Hot rolling → CNC turning → Reaming → Honing → Electroplating	Cold rolling → Vertical milling → Drilling → Tapping → Stress relief	Cold rolling → CNC milling → Drilling → Tapping → Deburring	F
59	Based on this product image, which of the following is the most likely sequence of manufacturing processes used to produce this product?	images/0059.jpg	CNC milling → Broaching → Case hardening	Bar rolling → CNC turning → Finish turning → Surface grinding → Electroplating	Injection molding → Trimming flash → Painting	Sand casting → Machining → Anodizing	Bar rolling → Rough turning → Hard turning → Honing → Quench hardening	Die casting → Deburring → Powder coating	B
60	Based on this product image, which of the following is the most likely sequence of manufacturing processes used to produce this product?	images/0060.jpg	Aluminum extrusion → Powder coating	Aluminum extrusion → Heat treatment → Anodizing	Aluminum extrusion → Cut to length → Anodizing	Aluminum extrusion → CNC milling → Chrome plating	Anodizing → Aluminum extrusion	Aluminum extrusion → Cut to length → Deburring → Anodizing	F
61	Based on this product image, which of the following is the most likely sequence of manufacturing processes used to produce this product?	images/0061.webp	Sheet rolling → Blanking → Bending → Case hardening	Blanking → Bending → Electroplating	Sheet rolling → Deep drawing → Thread milling	Aluminum extrusion → Cut to length → Deburring	Sheet rolling → Blanking → Bending	Sand casting → Machining → Powder coating	D
62	Based on this product image, which of the following is the most likely sequence of manufacturing processes used to produce this product?	images/0062.jpg	Injection molding → Trimming flash → Painting	Forging (open-die) → Drilling → Chrome plating	Aluminum extrusion → CNC turning → Anodizing	Die casting → Deburring → Powder coating	Sheet rolling → Blanking bending drawing	Sand casting → CNC milling → Surface grinding	E
63	Based on this product image, which of the following is the most likely sequence of manufacturing processes used to produce this product?	images/0063.jpg	Electrostatic spray charged powder → Surface preparation → Bake to melt and cure powder	Surface preparation → Painting → Curing	Powder coating → CNC milling → Deburring	Anodizing → Clear coat → Curing	Electroplating → Chrome plating → Drying	Surface preparation (clean + phosphate) → Electrostatic spray charged powder → Bake to melt and cure powder	F
64	Based on this product image, which of the following is the most likely sequence of manufacturing processes used to produce this product?	images/0064.jpg	Apply organic coating → Curing → Drying	CNC turning → Surface grinding → Chrome plating	Powder coating (electrostatic spray → bake/cure)	Apply organic coating → Drying → Curing	Sand casting → Trimming flash → Anodizing	Die casting → Deburring → Nickel plating	D
65	Based on this product image, which of the following is the most likely sequence of manufacturing processes used to produce this product?	images/0065.jpg	CNC milling → Surface preparation → Apply organic coating → Drying → Curing	Sand casting → Machining → Surface preparation → Apply organic coating → Drying → Curing	Surface preparation → Apply organic coating → Drying → Curing → Powder coating	Surface preparation (clean + phosphate) → Apply organic coating → Drying → Curing	Surface preparation → Apply organic coating → Curing → Drying	Apply organic coating → Surface preparation → Drying → Curing	D
66	Based on this product image, which of the following is the most likely sequence of manufacturing processes used to produce this product?	images/0066.jpg	Sand casting → Machining → Powder coating	Sheet rolling → Blanking bending drawing	Aluminum extrusion → CNC milling → Anodizing	Forging (open-die) → Rough turning → Finish turning → Electroplating	Die casting → Deburring → Painting	Sheet rolling → CNC turning → Chrome plating	B
67	Based on this product image, which of the following is the most likely sequence of manufacturing processes used to produce this product?	images/0067.jpg	Surface preparation (clean + phosphate) → Electrostatic spray charged powder → Bake to melt and cure powder	Surface preparation (clean + phosphate) → Electrostatic spray charged powder → Bake to melt and cure powder → Anodizing	Sand casting → Machining → Chrome plating	Surface preparation (clean + phosphate) → Electrostatic spray charged powder	CNC milling → Anodizing → Clear coat	Electrostatic spray charged powder → Surface preparation (clean + phosphate) → Bake to melt and cure powder	A
68	Based on this product image, which of the following is the most likely sequence of manufacturing processes used to produce this product?	images/0068.jpg	Rough machining → Finish machining	Rough machining → Finish machining → Powder coating	Sand casting → Deburring	Injection molding → Annealing	Finish machining → Rough machining	CNC turning → Surface grinding	A
69	Based on this product image, which of the following is the most likely sequence of manufacturing processes used to produce this product?	images/0069.jpg	Sand casting → CNC milling → Anodizing	Injection molding → Trimming flash → Painting	CNC turning → Surface grinding → Powder coating → Curing	Bar rolling → CNC turning → Thread milling → Surface grinding → Optional heat treatment	Sheet rolling → Deep drawing → Tapping → Chrome plating	Bar rolling → Rough turning → Finish turning → Honing → Quench hardening	D
70	Based on this product image, which of the following is the most likely sequence of manufacturing processes used to produce this product?	images/0070.jpg	Aluminum extrusion → Cut to length → Anodize	Sand casting → Machining → Anodize	Aluminum extrusion → Cut to length → Electroplating	Aluminum extrusion → CNC milling → Powder coating	Die casting → Deburring → Chrome plating	Aluminum extrusion → Anodize → Cut to length	A
71	Based on this product image, which of the following is the most likely sequence of manufacturing processes used to produce this product?	images/0071.jpg	Die casting → Deburring → Chrome plating	Anodize → Aluminum extrusion → Cut to length	Sand casting → Machining → Anodize	Aluminum extrusion → Cut to length → Anodize	Aluminum extrusion → CNC milling → Powder coating	Aluminum extrusion → Deep hole drilling → Hard turning	D
72	Based on this product image, which of the following is the most likely sequence of manufacturing processes used to produce this product?	images/0072.jpg	Injection molding → Surface grinding → Chrome plating	CNC turning (finish) → Quench hardening → Honing	CNC turning (rough) → Quench hardening → Centerless grinding	Sand casting → CNC milling → Anodizing	Die casting → Deburring → Electroplating	Cold rolling → Thread milling → Powder coating	C
73	Based on this product image, which of the following is the most likely sequence of manufacturing processes used to produce this product?	images/0073.webp	Injection molding → Powder coating (electrostatic spray → bake/cure)	Surface preparation (clean + phosphate) → Powder coating (electrostatic spray → bake/cure)	CNC milling → Powder coating (electrostatic spray → bake/cure)	Electroplating → Surface preparation (clean + phosphate)	Surface preparation (clean + phosphate) → Powder coating (electrostatic spray → bake/cure) → Chrome plating	Sand casting → Machining → Powder coating (electrostatic spray → bake/cure)	B
74	Based on this product image, which of the following is the most likely sequence of manufacturing processes used to produce this product?	images/0074.jpg	Sheet rolling → Blanking bending drawing	Aluminum extrusion → CNC milling → Powder coating	Sheet rolling → CNC turning → Chrome plating	Electroplating → Sheet rolling → Blanking bending drawing	Sand casting → Machining → Anodizing	Sheet rolling → Blanking bending drawing → Electroplating	F
75	Based on this product image, which of the following is the most likely sequence of manufacturing processes used to produce this product?	images/0075.jpg	Injection molding → Finish machining	CNC turning → Surface grinding	Finish machining → Rough machining	Rough machining → Finish machining → Powder coating	Sand casting → Rough machining → Finish machining	Rough machining → Finish machining	F
76	Based on this product image, which of the following is the most likely sequence of manufacturing processes used to produce this product?	images/0076.png	Bar rolling → CNC milling → Drilling → Tapping → Optional heat treatment	CNC turning → Deep hole drilling → Honing → Powder coating	Sheet rolling → Blanking → Bending → Welding → Stress relief	Injection molding → CNC milling → Chrome plating	Sand casting → CNC turning → Surface grinding → Anodizing	Die casting → Deburring → Hard turning → Electroplating	A
77	Based on this product image, which of the following is the most likely sequence of manufacturing processes used to produce this product?	images/0077.jpg	Sand casting → CNC turning → Chrome plating	Sheet rolling → Deep drawing → Nickel plating	CNC milling → Drilling → Painting	Forging → Hard turning → Anodizing	Injection molding → Annealing → Powder coating	Die casting → Surface grinding → Electroplating	C
78	Based on this product image, which of the following is the most likely sequence of manufacturing processes used to produce this product?	images/0078.jpg	Sheet rolling → Deep drawing → Electroplating → Stress relief	Sand casting → Trimming flash → Surface grinding	CNC turning → Hard turning → Chrome plating	Aluminum extrusion → CNC milling → Anodizing	Sheet rolling → Blanking bending drawing	Blanking bending drawing → Powder coating → Baking	E
79	Based on this product image, which of the following is the most likely sequence of manufacturing processes used to produce this product?	images/0079.jpg	Bar rolling → CNC turning → Thread milling → Surface grinding → Optional heat treatment	Bar rolling → Rough turning → Finish turning → Hard turning → Quench hardening	Sand casting → CNC milling → Anodizing	Injection molding → Finish turning → Chrome plating	Aluminum extrusion → CNC milling → Powder coating	Bar rolling → Drilling → Reaming → Tapping → No heat treatment	A
80	Based on this product image, which of the following is the most likely sequence of manufacturing processes used to produce this product?	images/0080.jpg	Aluminum extrusion → Cut to length → Electroplating	Sand casting → Machining → Anodize	Sheet rolling → Bending → Painting	Aluminum extrusion → Cut to length → Anodize	Aluminum extrusion → Anodize → Cut to length	Die casting → CNC milling → Powder coating	D
81	Based on this product image, which of the following is the most likely sequence of manufacturing processes used to produce this product?	images/0081.png	Aluminum extrusion → Cut to length → Anodizing	Aluminum extrusion → Cut to length → Deburring → Anodizing	Aluminum extrusion → CNC milling → Anodizing	Aluminum extrusion → Powder coating	Aluminum extrusion → Anodizing → Cut to length	Sand casting → Machining → Anodizing	B
82	Based on this product image, which of the following is the most likely sequence of manufacturing processes used to produce this product?	images/0082.jpg	Bar rolling → CNC milling → Drilling → Deburring	CNC milling → Electroplating → Hard turning	Aluminum extrusion → Trimming flash → Powder coating	Sand casting → CNC turning → Anodizing	Sheet rolling → Deep drawing → Tapping	Injection molding → Surface grinding → Chrome plating	A
83	Based on this product image, which of the following is the most likely sequence of manufacturing processes used to produce this product?	images/0083.jpg	Electrostatic spray charged powder → Bake to melt and cure powder	Powder coating (electrostatic spray → bake/cure) → Nickel plating	Surface preparation (clean + phosphate) → Painting	Electroplating → Chrome plating	Apply organic coating → Drying → Curing	Anodizing → Clear coat	A
84	Based on this product image, which of the following is the most likely sequence of manufacturing processes used to produce this product?	images/0084.jpg	Sand casting → CNC turning → Surface grinding → Anodizing	Injection molding → Trimming flash → Hard turning → Chrome plating	Bar rolling → CNC milling → Drilling → Deburring → Optional heat treatment	Aluminum extrusion → Cut to length → Thread milling → Powder coating	Sheet rolling → Deep drawing → Boring → Electroplating	Forging (open-die) → Rough turning → Finish turning → Honing	C
85	Based on this product image, which of the following is the most likely sequence of manufacturing processes used to produce this product?	images/0085.jpg	Injection molding → Painting → Curing	CNC milling → Surface grinding → Anodizing	Aluminum extrusion → Cut to length → Drilling → Chrome plating	Forging (open-die) → Rough turning → Finish turning → Tempering	Sand casting → Trimming flash → Machining → Powder coating	Sheet rolling → Blanking bending drawing	F
86	Based on this product image, which of the following is the most likely sequence of manufacturing processes used to produce this product?	images/0086.jpg	Sand casting → CNC milling → Chrome plating	Injection molding → Surface grinding → Powder coating	CNC turning → Hard turning → Honing	Anodizing → Electroplating	Electrostatic spray charged powder → Bake to melt and cure powder	Powder coating → Deburring → Welding	E
87	Based on this product image, which of the following is the most likely sequence of manufacturing processes used to produce this product?	images/0087.webp	Sheet rolling → Blanking → Bending → Cutting	Sheet rolling → Roll forming → Cutting	Aluminum extrusion → Cut to length → Anodizing	CNC machining → Surface grinding	Sheet rolling → Roll forming → Cutting → Deburring	Sand casting → Machining → Powder coating	E
88	Based on this product image, which of the following is the most likely sequence of manufacturing processes used to produce this product?	images/0088.png	Forging (open-die) → Surface grinding → Honing → Anodizing	Cold rolling → CNC milling → Deburring → Powder coating → Curing	Cold rolling → CNC milling → Broaching → Electroplating	Cold rolling → CNC milling → Deburring → Electroplating	Bar rolling → Rough turning → Finish turning → Hard turning → Tempering	Hot rolling → CNC turning → Tapping → Chrome plating	D
89	Based on this product image, which of the following is the most likely sequence of manufacturing processes used to produce this product?	images/0089.jpg	Surface preparation (clean + phosphate) → Electrostatic spray charged powder → Bake to melt and cure powder	Direct extrusion → Deburring → Apply organic coating → Drying → Curing	Sand casting → Machining → Chrome plating	Aluminum extrusion → Surface preparation (clean + phosphate) → Electrostatic spray charged powder → Bake to melt and cure powder → Nickel plating	CNC milling → Anodizing → Powder coating	Electroplating → Surface preparation (clean + phosphate) → Bake to melt and cure powder	A
90	Based on this product image, which of the following is the most likely sequence of manufacturing processes used to produce this product?	images/0090.jpg	CNC turning → Surface grinding → Chrome plating	Sand casting → Trimming flash → Anodizing	Apply organic coating → Drying → Curing	Injection molding → Annealing → Painting	Deep drawing → Deburring → Nickel plating	Powder coating (electrostatic spray → bake/cure) → Electroplating	C
91	Based on this product image, which of the following is the most likely sequence of manufacturing processes used to produce this product?	images/0091.jpg	Sheet rolling → Blanking → Bending → Surface cleaning → Electroplating	Sheet rolling → Blanking → Bending → Powder coating	Sheet rolling → Blanking → Bending → Electroplating → Baking	Sheet rolling → Blanking → Bending → Electroplating	Sheet rolling → CNC milling → Electroplating	Sand casting → Machining → Electroplating	A
92	Based on this product image, which of the following is the most likely sequence of manufacturing processes used to produce this product?	images/0092.jpg	Die casting → Trimming flash → Powder coating	Bar rolling → Rough turning → Finish turning → Honing	Sand casting → Machining → Anodizing	Bar rolling → CNC milling → Drilling → Tapping	CNC turning → Drilling → Thread milling	Bar rolling → CNC milling → Drilling → Tapping → Quench hardening	D
93	Based on this product image, which of the following is the most likely sequence of manufacturing processes used to produce this product?	images/0093.png	CNC turning → Drilling → Tapping → Surface grinding → Deburring	Cold rolling → CNC turning → Boring → Broaching → Anodizing	Cold rolling → CNC turning → Drilling → Tapping → Deburring	Forging (open-die) → Rough turning → Finish turning → Honing → Case hardening	Bar rolling → 5-axis milling → Gun drilling → Tempering → Powder coating	Hot rolling → CNC milling → Reaming → Thread milling → Electroplating	C
94	Based on this product image, which of the following is the most likely sequence of manufacturing processes used to produce this product?	images/0094.jpg	CNC turning → Drilling → Tapping → Hard turning → Honing	Bar rolling → CNC milling → Drilling → Deburring → Apply organic coating	Forging (open-die) → Rough turning → Finish turning → Quench hardening → Tempering	CNC milling → Drilling → EDM → Broaching → Powder coating	CNC milling → Drilling → Deburring → Apply organic coating → Drying → Curing	CNC milling → Drilling → Reaming → Surface grinding → Electroplating	E
95	Based on this product image, which of the following is the most likely sequence of manufacturing processes used to produce this product?	images/0095.jpg	Sand casting → Machining → Anodize	Injection molding → Trim flash → Powder coating	Aluminum extrusion → CNC milling → Chrome plating	Aluminum extrusion → Anodize → Cut to length	Die casting → Deburring → Anodize	Aluminum extrusion → Cut to length → Anodize	F
96	Based on this product image, which of the following is the most likely sequence of manufacturing processes used to produce this product?	images/0096.jpg	Bar rolling → Deep drawing → Thread milling → Powder coating	Sand casting → Machining → Anodizing	Injection molding → CNC milling → Chrome plating	Bar rolling → CNC turning → Finish turning → Drilling → Reaming → Optional quench hardening → Surface grinding	Bar rolling → Rough turning → Finish turning → Drilling → No heat treatment	CNC turning → Surface grinding → Sand casting	D
97	Based on this product image, which of the following is the most likely sequence of manufacturing processes used to produce this product?	images/0097.jpg	Aluminum extrusion → CNC milling → Powder coating	Aluminum extrusion → Cut to length	Sheet rolling → Deep drawing → Trimming flash	Die casting → Deburring → Chrome plating	Sand casting → Machining → Anodizing	Cut to length → Aluminum extrusion	B
98	Based on this product image, which of the following is the most likely sequence of manufacturing processes used to produce this product?	images/0098.jpg	Forging → Rough turning → Finish turning → Hard turning	Aluminum extrusion → Cut to length → Deburring → Anodizing	CNC milling → Surface grinding → Powder coating	Sand casting → Machining → Anodizing	Sheet rolling → Blanking → Bending → Welding → Surface finishing	Sheet rolling → Blanking → Bending	E
99	Based on this product image, which of the following is the most likely sequence of manufacturing processes used to produce this product?	images/0099.jpg	CNC milling → Anodizing	Aluminum extrusion → Cutting to length → Electroplating	Sheet rolling → Blanking bending drawing	Sheet rolling → Deep drawing → Case hardening	Sand casting → Machining → Powder coating	Blanking bending drawing → Heat treatment → Surface grinding	C
100	Based on this product image, which of the following is the most likely sequence of manufacturing processes used to produce this product?	images/0100.webp	Sand casting → Trimming flash → Annealing → Painting	Die casting → Machining → Anodizing	Powder coating (electrostatic spray → bake/cure) → CNC turning → Deburring	Surface preparation (clean + phosphate) → Powder coating (electrostatic spray → bake/cure)	Hot rolling → Blanking → Bending → Electroplating	CNC milling → Surface grinding → Chrome plating	D
101	Based on this product image, which of the following is the most likely sequence of manufacturing processes used to produce this product?	images/0101.jpg	Sand casting → Deburring → Chrome plating	Aluminum extrusion → Trimming flash → Electroplating	CNC turning → Surface grinding → Anodizing	Die casting → Machining → Powder coating	Injection molding → Annealing → Painting	Sheet rolling → Blanking bending drawing	F
102	Based on this product image, which of the following is the most likely sequence of manufacturing processes used to produce this product?	images/0102.jpg	Hot rolling → CNC milling → Drilling → Reaming → Deburring	CNC milling → Reaming → Honing → Tempering → Painting	Forging (open-die) → Hard turning → Centerless grinding → Anodizing	Cold rolling → Surface grinding → Tapping → Powder coating	Bar rolling → Deep hole drilling → Gun drilling → Thread milling → Stress relief	CNC turning → Broaching → Honing → Electroplating	A
103	Based on this product image, which of the following is the most likely sequence of manufacturing processes used to produce this product?	images/0103.jpeg	Surface preparation (clean + phosphate) → Apply organic coating → Drying → Curing	Apply organic coating → Surface preparation → Drying → Curing	Surface preparation → Nickel plating → Apply organic coating → Drying → Curing	CNC milling → Surface preparation → Apply organic coating → Drying → Curing	Injection molding → Surface preparation → Apply organic coating → Drying → Curing	Surface preparation → Powder coating (electrostatic spray → bake/cure)	A
104	Based on this product image, which of the following is the most likely sequence of manufacturing processes used to produce this product?	images/0104.jpg	Aluminum extrusion → CNC turning → Nickel plating → Clear coat	Electroplating → Surface preparation (clean + phosphate) → Bake to melt and cure powder	Sand casting → Deburring → Chrome plating	Surface preparation (clean + phosphate) → Electrostatic spray charged powder → Bake to melt and cure powder	Sheet rolling → Deep drawing → Painting → Drying → Curing	CNC milling → Anodizing → Powder coating	D
105	Based on this product image, which of the following is the most likely sequence of manufacturing processes used to produce this product?	images/0105.jpg	CNC milling → Drilling → Thread milling → Case hardening	Forging → CNC milling → Honing → Deburring	CNC turning → Drilling → Tapping → Deburring	CNC milling → Reaming → Hard turning → Electroplating	CNC milling → Drilling → Tapping → Deburring	CNC milling → Tapping → Quench hardening → Surface grinding	E
106	Based on this product image, which of the following is the most likely sequence of manufacturing processes used to produce this product?	images/0106.jpg	Aluminum extrusion → Cut to length → Anodize	Sheet rolling → Bending → Painting	Aluminum extrusion → Anodize → Cut to length	Sand casting → Machining → Anodize	Die casting → Deburring → Powder coating	Aluminum extrusion → CNC milling → Chrome plating	A
107	Based on this product image, which of the following is the most likely sequence of manufacturing processes used to produce this product?	images/0107.jpg	Injection molding → Trimming flash → Painting	Sand casting → CNC turning → Painting	CNC milling → Drilling → Reaming → Painting	Die casting → Deburring → Powder coating	Forging → Surface grinding → Chrome plating	CNC milling → Painting → Hard turning	C
108	Based on this product image, which of the following is the most likely sequence of manufacturing processes used to produce this product?	images/0108.jpg	CNC milling → Drilling → Electroplating	CNC milling → Painting → Honing	Injection molding → Painting	CNC milling → Drilling → Reaming → Painting	CNC turning → Drilling → Painting	Sand casting → CNC milling → Painting	D
109	Based on this product image, which of the following is the most likely sequence of manufacturing processes used to produce this product?	images/0109.jpg	Injection molding → Painting	CNC milling → Drilling → Painting	Painting → CNC milling → Drilling	Sand casting → Machining → Painting	CNC turning → Painting	CNC milling → Drilling → Powder coating	B
110	Based on this product image, which of the following is the most likely sequence of manufacturing processes used to produce this product?	images/0110.jpeg	Electroplating → Surface preparation (clean + phosphate) → Bake to melt and cure powder	Surface preparation (clean + phosphate) → Electrostatic spray charged powder → No curing step	CNC milling → Anodizing → Powder coating	Surface preparation (clean + phosphate) → Electrostatic spray charged powder → Bake to melt and cure powder → Apply organic coating → Drying → Curing	Sand casting → Machining → Chrome plating	Surface preparation (clean + phosphate) → Electrostatic spray charged powder → Bake to melt and cure powder	F
111	Based on this product image, which of the following is the most likely sequence of manufacturing processes used to produce this product?	images/0111.jpg	Sand casting → Machining → Anodize	Aluminum extrusion → Anodize → Cut to length	Aluminum extrusion → CNC milling → Powder coating	Aluminum extrusion → Cut to length → Anodize	Die casting → Deburring → Chrome plating	Injection molding → Painting → Curing	D
112	Based on this product image, which of the following is the most likely sequence of manufacturing processes used to produce this product?	images/0112.jpg	Cut to length → Aluminum extrusion	Aluminum extrusion → Cut to length	Die casting → Trimming flash → Surface grinding	Aluminum extrusion → CNC milling → Powder coating	Sheet rolling → Blank bending drawing → Deburring	Sand casting → Machining → Anodizing	B
113	Based on this product image, which of the following is the most likely sequence of manufacturing processes used to produce this product?	images/0113.jpg	CNC milling → Drilling → Tapping → Deburring → Case hardening → Chrome plating	CNC turning → Drilling → Reaming → Honing → Deburring	CNC milling → Drilling → Tapping → Hard turning → Surface grinding	Forging (open-die) → CNC milling → Tapping → Electroplating → Drying	CNC milling → Drilling → Tapping → Deburring → Surface grinding	CNC milling → Drilling → Tapping → Deburring	E
114	Based on this product image, which of the following is the most likely sequence of manufacturing processes used to produce this product?	images/0114.jpg	Sand casting → Machining → Powder coating	Sheet rolling → Blanking bending drawing → Electroplating	Aluminum extrusion → CNC milling → Anodizing	Injection molding → Painting → Assembly	Hot rolling → Deburring → Chrome plating	Sheet rolling → Electroplating → Blanking bending drawing	B
115	Based on this product image, which of the following is the most likely sequence of manufacturing processes used to produce this product?	images/0115.jpeg	Sheet rolling → Blanking bending drawing → Electroplating	Aluminum extrusion → CNC milling → Anodizing	Electroplating → Sheet rolling → Blanking bending drawing	Injection molding → Painting → Curing	Sand casting → Machining → Powder coating	Sheet rolling → Deep drawing → Chrome plating	A
116	Based on this product image, which of the following is the most likely sequence of manufacturing processes used to produce this product?	images/0116.jpg	Aluminum extrusion → CNC milling → Anodizing	Sand casting → Machining → Powder coating	Injection molding → Trimming flash → Painting	Sheet rolling → Deep drawing → Electroplating	Hot rolling → Forging → Surface grinding	Sheet rolling → Blanking bending drawing	F
117	Based on this product image, which of the following is the most likely sequence of manufacturing processes used to produce this product?	images/0117.jpg	Electroplating → Chrome plating → Curing	Apply organic coating → Curing → Drying	Sand casting → Machining → Apply organic coating	CNC milling → Surface grinding → Apply organic coating	Apply organic coating → Drying → Curing	Powder coating (electrostatic spray → bake/cure) → Anodizing	E
118	Based on this product image, which of the following is the most likely sequence of manufacturing processes used to produce this product?	images/0118.jpg	Sheet rolling → Blanking bending drawing	Die casting → Trimming flash → Chrome plating	Sand casting → Machining → Anodizing	CNC milling → Deburring → Powder coating	Sheet rolling → Blanking bending drawing → Electroplating	Sheet rolling → Electroplating → Blanking bending drawing	E
119	Based on this product image, which of the following is the most likely sequence of manufacturing processes used to produce this product?	images/0119.jpg	Injection molding → Painting	Sand casting → CNC milling → Painting	CNC milling → Drilling → Painting	CNC turning → Painting	CNC milling → Painting → Hard turning	CNC milling → Painting → Powder coating	C
120	Based on this product image, which of the following is the most likely sequence of manufacturing processes used to produce this product?	images/0120.png	Surface preparation (clean + phosphate) → Electroplating → Bake to melt and cure powder	Surface preparation (clean + phosphate) → Apply organic coating → Drying → Curing	CNC milling → Surface preparation (clean + phosphate) → Powder coating (electrostatic spray → bake/cure)	Powder coating (electrostatic spray → bake/cure) → Surface preparation (clean + phosphate)	Sand casting → Machining → Surface preparation (clean + phosphate) → Powder coating (electrostatic spray → bake/cure)	Surface preparation (clean + phosphate) → Powder coating (electrostatic spray → bake/cure)	F
121	Based on this product image, which of the following is the most likely sequence of manufacturing processes used to produce this product?	images/0121.webp	Sheet rolling → Blanking → Bending → Cutting	Sheet rolling → Roll forming → Cutting	Die casting → Deburring → Electroplating	CNC turning → Surface grinding	Sheet rolling → Roll forming → Cutting → Deburring	Sheet rolling → Powder coating	E
122	Based on this product image, which of the following is the most likely sequence of manufacturing processes used to produce this product?	images/0122.jpg	CNC turning → Boring → Honing → Hard turning → Chrome plating	Forging (impression-die) → Rough turning → Finish turning → Stress relief → Anodizing	CNC milling → Drilling → Tapping → Broaching → Electroplating	CNC milling → Drilling → Tapping → Deburring → Electroplating	Bar rolling → Deep hole drilling → Gun drilling → Centerless grinding → Nickel plating	CNC milling → Reaming → Surface grinding → Tempering → Powder coating	D
123	Based on this product image, which of the following is the most likely sequence of manufacturing processes used to produce this product?	images/0123.jpg	Sand casting → Machining → Anodizing	Sheet rolling → Blanking bending drawing → Electroplating	CNC milling → Heat treatment → Powder coating	Sheet rolling → Electroplating → Blanking bending drawing	Die casting → Deburring → Chrome plating	Sheet rolling → Blanking bending drawing	B
124	Based on this product image, which of the following is the most likely sequence of manufacturing processes used to produce this product?	images/0124.jpg	Bar rolling → Drilling → Reaming → Broaching → Powder coating	Hot rolling → CNC turning → Thread milling → Chrome plating	Cold rolling → 5-axis milling → Hard turning → Tempering	CNC milling → Quench hardening (oil) → Centerless grinding → Deburring → Painting	Forging (open-die) → Surface grinding → Honing → Electroplating	Cold rolling → CNC milling → Deburring → Anodizing	F
125	Based on this product image, which of the following is the most likely sequence of manufacturing processes used to produce this product?	images/0125.jpg	Sheet rolling → Deep drawing → Boring → Chrome plating	Bar rolling → CNC milling → Drilling → Tapping → Deburring	Sand casting → CNC milling → Tapping → Anodizing	CNC turning → Drilling → Thread milling → Powder coating	Injection molding → Trimming flash → Surface grinding	Bar rolling → Rough turning → Finish turning → Honing	B
126	Based on this product image, which of the following is the most likely sequence of manufacturing processes used to produce this product?	images/0126.webp	Die casting → Trimming flash → Powder coating	Injection molding → Painting	Hot rolling → CNC milling → Chrome plating	Sand casting → Machining → Anodizing	Cold rolling → Heat treatment → Surface grinding	Cold rolling → Bending	F
127	Based on this product image, which of the following is the most likely sequence of manufacturing processes used to produce this product?	images/0127.jpg	Injection molding → Painting	Die casting → Deburring → Powder coating	Sand casting → CNC turning → Painting	CNC milling → Drilling → Painting	CNC milling → Painting → Honing	CNC milling → Drilling → Chrome plating	D
128	Based on this product image, which of the following is the most likely sequence of manufacturing processes used to produce this product?	images/0128.jpg	Injection molding → Painting	Blanking bending drawing → Electroplating	Sand casting → Machining → Powder coating	Electroplating → Blanking bending drawing	Die casting → Deburring → Chrome plating	CNC milling → Anodizing	B
129	Based on this product image, which of the following is the most likely sequence of manufacturing processes used to produce this product?	images/0129.jpg	Bar rolling → CNC milling → Deburring → Optional heat treatment	CNC turning → Surface grinding → Chrome plating	Injection molding → Trimming flash → Painting	Die casting → Drilling → Hard turning	Sand casting → Machining → Anodizing	Aluminum extrusion → Cut to length → Powder coating	A
130	Based on this product image, which of the following is the most likely sequence of manufacturing processes used to produce this product?	images/0130.png	Anodize → Aluminum extrusion → Cut to length	Sand casting → Machining → Anodize	Aluminum extrusion → CNC milling → Powder coating	Die casting → Deburring → Chrome plating	Aluminum extrusion → Deep drawing → Electroplating	Aluminum extrusion → Cut to length → Anodize	F
